datetime_utc,total_traffic,aqi,co,no,no2,o3,so2,pm2_5,pm10,nh3,time_diff_seconds,fill_direction
2020-11-25 00:07:00+00:00,480,2.0,300.41,0.07,21.08,24.32,2.03,13.38,14.45,0.42,0,forward
2020-11-25 01:07:00+00:00,372,2.0,297.07,0.05,19.71,26.11,1.97,13.45,14.45,0.4,0,forward
2020-11-25 02:07:00+00:00,403,2.0,293.73,0.04,18.34,28.61,2.0,13.49,14.45,0.38,0,forward
2020-11-25 03:07:00+00:00,604,2.0,290.39,0.03,17.48,31.83,2.15,13.11,14.02,0.36,0,forward
2020-11-25 04:07:00+00:00,962,2.0,283.72,0.03,16.97,35.05,2.38,12.45,13.35,0.38,0,forward
2020-11-25 05:07:00+00:00,2709,2.0,287.06,0.05,18.68,35.76,2.89,11.78,12.78,0.46,0,forward
2020-11-25 06:07:00+00:00,5292,2.0,293.73,0.07,20.56,35.41,3.31,10.98,12.19,0.55,0,forward
2020-11-25 07:07:00+00:00,6461,2.0,293.73,0.29,20.22,37.19,3.49,10.31,11.67,0.6,0,forward
2020-11-25 08:07:00+00:00,6137,1.0,287.06,0.98,18.51,42.2,3.64,9.55,10.98,0.66,0,forward
2020-11-25 09:07:00+00:00,5577,1.0,277.04,1.09,16.45,47.92,3.49,8.48,9.88,0.71,0,forward
2020-11-25 10:07:00+00:00,4581,1.0,270.37,0.82,16.11,50.78,3.52,7.44,8.79,0.74,0,forward
2020-11-25 11:07:00+00:00,4980,1.0,263.69,0.42,16.11,52.21,3.52,6.82,8.07,0.79,0,forward
2020-11-25 12:07:00+00:00,5273,1.0,263.69,0.38,18.17,50.78,3.55,6.86,8.07,0.8,0,forward
2020-11-25 13:07:00+00:00,5589,1.0,277.04,0.56,21.94,44.35,3.79,7.27,8.59,0.78,0,forward
2020-11-25 14:07:00+00:00,5989,1.0,287.06,0.25,24.68,38.62,3.76,7.65,9.12,0.79,0,forward
2020-11-25 15:07:00+00:00,6241,1.0,297.07,0.08,27.42,33.26,3.73,8.19,9.76,0.78,0,forward
2020-11-25 16:07:00+00:00,6210,1.0,300.41,0.11,27.42,30.76,3.49,8.79,10.39,0.74,0,forward
2020-11-25 17:07:00+00:00,5733,1.0,300.41,0.12,26.05,29.68,3.28,9.66,11.31,0.69,0,forward
2020-11-25 18:07:00+00:00,4903,2.0,303.75,0.13,25.71,28.25,3.25,10.77,12.45,0.65,0,forward
2020-11-25 19:07:00+00:00,3389,2.0,307.08,0.12,25.02,27.18,3.13,12.19,13.84,0.6,0,forward
2020-11-25 20:07:00+00:00,2316,2.0,310.42,0.13,25.36,25.75,2.98,13.82,15.4,0.55,0,forward
2020-11-25 21:07:00+00:00,1747,2.0,313.76,0.12,25.71,24.68,2.5,15.22,16.66,0.48,0,forward
2020-11-25 22:07:00+00:00,1210,2.0,317.1,0.08,25.02,23.6,1.8,15.72,17.01,0.42,0,forward
2020-11-25 23:07:00+00:00,760,2.0,317.1,0.07,23.99,23.25,1.52,15.95,17.1,0.38,0,forward
2020-11-26 00:07:00+00:00,524,2.0,313.76,0.06,22.28,23.96,1.37,16.02,17.09,0.35,0,forward
2020-11-26 01:07:00+00:00,401,2.0,310.42,0.04,19.54,26.11,1.34,16.73,17.75,0.33,0,forward
2020-11-26 02:07:00+00:00,432,2.0,307.08,0.03,17.48,28.61,1.36,18.15,19.15,0.32,0,forward
2020-11-26 03:07:00+00:00,532,2.0,303.75,0.03,15.77,31.11,1.4,19.98,20.98,0.31,0,forward
2020-11-26 04:07:00+00:00,985,3.0,303.75,0.03,14.91,32.54,1.55,21.64,22.68,0.33,0,forward
2020-11-26 05:07:00+00:00,2667,3.0,310.42,0.06,16.28,32.19,2.09,23.39,24.57,0.38,0,forward
2020-11-26 06:07:00+00:00,5334,3.0,320.44,0.1,19.02,30.4,2.59,25.0,26.35,0.43,0,forward
2020-11-26 07:07:00+00:00,6518,4.0,327.11,0.11,20.22,29.68,2.77,26.12,27.56,0.45,0,forward
2020-11-26 08:07:00+00:00,6719,4.0,323.77,0.15,19.54,31.47,2.83,26.49,27.93,0.42,0,forward
2020-11-26 09:07:00+00:00,5869,4.0,313.76,0.15,16.79,37.91,2.62,25.67,27.02,0.34,0,forward
2020-11-26 10:07:00+00:00,5132,3.0,313.76,0.15,16.45,39.34,2.56,24.72,26.06,0.38,0,forward
2020-11-26 11:07:00+00:00,4988,3.0,310.42,0.11,16.45,39.34,2.5,23.66,24.97,0.46,0,forward
2020-11-26 12:07:00+00:00,5090,3.0,303.75,0.09,16.11,40.05,2.38,22.28,23.59,0.5,0,forward
2020-11-26 13:07:00+00:00,5338,3.0,297.07,0.07,15.94,40.77,2.33,21.24,22.54,0.52,0,forward
2020-11-26 14:07:00+00:00,5894,2.0,293.73,0.02,15.77,40.77,2.24,19.9,21.21,0.58,0,forward
2020-11-26 15:07:00+00:00,6044,2.0,290.39,0.02,16.62,38.62,2.33,18.67,19.85,0.57,0,forward
2020-11-26 16:07:00+00:00,6047,2.0,293.73,0.03,17.99,35.05,2.5,17.53,18.53,0.52,0,forward
2020-11-26 17:07:00+00:00,5513,2.0,297.07,0.05,19.54,31.11,2.89,16.52,17.36,0.49,0,forward
2020-11-26 18:07:00+00:00,4950,2.0,310.42,0.14,22.96,24.68,3.49,16.85,17.75,0.5,0,forward
2020-11-26 19:07:00+00:00,3565,2.0,327.11,0.36,26.39,16.99,3.82,18.06,19.19,0.51,0,forward
2020-11-26 20:07:00+00:00,2514,2.0,343.8,0.91,28.45,10.1,4.05,19.31,20.67,0.55,0,forward
2020-11-26 21:07:00+00:00,1723,3.0,347.14,1.4,28.1,6.08,3.87,20.22,21.86,0.55,0,forward
2020-11-26 22:07:00+00:00,1829,3.0,337.12,1.09,25.71,5.28,3.16,20.41,22.36,0.5,0,forward
2020-11-26 23:07:00+00:00,1179,3.0,327.11,1.01,23.65,4.87,3.04,20.74,23.22,0.47,0,forward
2020-11-27 00:07:00+00:00,762,3.0,330.45,1.66,22.62,2.82,2.74,21.26,23.97,0.5,0,forward
2020-11-27 01:07:00+00:00,542,3.0,333.79,3.41,21.42,0.87,2.53,21.69,24.57,0.59,0,forward
2020-11-27 02:07:00+00:00,572,3.0,340.46,5.48,19.71,0.28,2.62,22.33,25.5,0.69,0,forward
2020-11-27 03:07:00+00:00,689,3.0,347.14,7.38,18.34,0.11,2.92,22.62,25.87,0.74,0,forward
2020-11-27 04:07:00+00:00,980,3.0,353.81,9.5,17.48,0.05,3.46,22.96,25.95,0.81,0,forward
2020-11-27 05:07:00+00:00,2577,3.0,383.85,15.2,17.48,0.02,5.13,24.07,26.77,1.01,0,forward
2020-11-27 06:07:00+00:00,4820,4.0,413.9,21.23,18.85,0.01,6.97,25.39,27.59,1.06,0,forward
2020-11-27 07:07:00+00:00,5846,4.0,433.92,25.93,19.88,0.01,7.99,26.43,28.45,1.03,0,forward
2020-11-27 08:07:00+00:00,6147,4.0,447.27,27.94,20.39,0.09,8.46,27.28,29.25,0.99,0,forward
2020-11-27 09:07:00+00:00,5712,4.0,440.6,25.03,21.42,0.21,8.82,27.13,29.12,0.86,0,forward
2020-11-27 10:07:00+00:00,5439,4.0,467.3,29.5,24.68,0.25,11.68,27.84,30.06,0.88,0,forward
2020-11-27 11:07:00+00:00,5544,4.0,554.09,43.36,32.9,0.2,17.88,30.09,32.69,1.05,0,forward
2020-11-27 12:07:00+00:00,6203,4.0,587.46,40.68,43.87,0.29,21.46,28.05,30.89,0.94,0,forward
2020-11-27 13:07:00+00:00,6471,3.0,567.44,32.19,54.15,0.18,21.22,24.21,27.31,0.83,0,forward
2020-11-27 14:07:00+00:00,6682,3.0,554.09,28.61,59.63,0.03,21.22,22.34,25.64,0.86,0,forward
2020-11-27 15:07:00+00:00,6267,2.0,514.03,23.25,62.38,0.0,20.03,19.99,23.34,0.93,0,forward
2020-11-27 16:07:00+00:00,6293,2.0,473.98,18.33,59.63,0.01,18.12,17.29,20.54,0.94,0,forward
2020-11-27 17:07:00+00:00,5257,2.0,440.6,14.31,56.21,0.04,16.45,15.36,18.44,0.94,0,forward
2020-11-27 18:07:00+00:00,4629,2.0,420.57,10.17,54.15,0.23,15.14,14.11,16.98,0.95,0,forward
2020-11-27 19:07:00+00:00,3664,2.0,407.22,5.76,52.78,1.17,14.19,13.12,15.78,0.95,0,forward
2020-11-27 20:07:00+00:00,2538,2.0,400.54,2.52,52.09,4.29,13.47,12.23,14.62,0.94,0,forward
2020-11-27 21:07:00+00:00,1923,2.0,383.85,0.75,48.67,10.73,12.52,11.14,13.26,0.9,0,forward
2020-11-27 22:07:00+00:00,1396,2.0,357.15,0.14,40.78,20.39,11.09,9.58,11.37,0.78,0,forward
2020-11-27 23:07:00+00:00,872,1.0,317.1,0.02,30.85,30.76,9.18,7.86,9.27,0.67,0,forward
2020-11-28 00:07:00+00:00,833,1.0,287.06,0.01,22.28,39.34,7.33,6.28,7.39,0.61,0,forward
2020-11-28 01:07:00+00:00,491,1.0,263.69,0.0,16.79,45.78,6.02,5.06,5.98,0.59,0,forward
2020-11-28 02:07:00+00:00,383,1.0,253.68,0.0,13.71,52.21,5.31,4.29,5.08,0.58,0,forward
2020-11-28 03:07:00+00:00,389,1.0,247.0,0.0,12.34,57.22,5.19,3.95,4.67,0.55,0,forward
2020-11-28 04:07:00+00:00,513,1.0,247.0,0.0,12.68,58.65,5.54,4.11,4.82,0.51,0,forward
2020-11-28 05:07:00+00:00,794,1.0,257.02,0.0,15.59,54.36,6.56,5.18,5.97,0.48,0,forward
2020-11-28 06:07:00+00:00,1095,1.0,270.37,0.01,20.05,46.49,7.63,7.02,7.96,0.43,0,forward
2020-11-28 07:07:00+00:00,1623,1.0,287.06,0.04,24.68,38.62,8.82,9.06,10.18,0.34,0,forward
2020-11-28 08:07:00+00:00,2349,2.0,300.41,0.15,28.1,32.9,9.89,10.37,11.63,0.29,0,forward
2020-11-28 09:07:00+00:00,3523,2.0,307.08,0.34,28.79,30.76,10.13,10.47,11.79,0.28,0,forward
2020-11-28 10:07:00+00:00,4312,2.0,307.08,0.42,28.79,30.04,10.01,10.06,11.37,0.32,0,forward
2020-11-28 11:07:00+00:00,4717,1.0,303.75,0.34,28.1,30.76,9.66,9.28,10.57,0.41,0,forward
2020-11-28 12:07:00+00:00,5237,1.0,333.79,1.44,34.96,24.32,10.61,9.76,11.2,0.84,0,forward
2020-11-28 13:07:00+00:00,5079,2.0,400.54,5.03,49.35,11.62,15.74,12.0,13.84,2.01,0,forward
2020-11-28 14:07:00+00:00,4917,2.0,460.63,9.61,62.38,2.08,20.5,13.96,16.22,3.23,0,forward
2020-11-28 15:07:00+00:00,4482,2.0,507.36,17.21,69.23,0.12,23.6,15.86,18.48,3.96,0,forward
2020-11-28 16:07:00+00:00,4342,2.0,527.38,20.56,70.6,0.04,21.94,16.62,19.4,3.61,0,forward
2020-11-28 17:07:00+00:00,4013,2.0,514.03,17.88,67.17,0.06,15.74,15.79,18.61,2.44,0,forward
2020-11-28 18:07:00+00:00,3191,2.0,507.36,16.32,62.38,0.05,8.82,14.57,17.54,1.03,0,forward
2020-11-28 19:07:00+00:00,2474,2.0,534.06,19.22,58.26,0.02,7.15,14.61,17.83,0.81,0,forward
2020-11-28 20:07:00+00:00,1948,2.0,560.76,22.58,54.84,0.01,6.97,15.16,18.48,0.82,0,forward
2020-11-28 21:07:00+00:00,1477,2.0,580.79,26.38,52.09,0.0,6.62,15.79,18.79,0.87,0,forward
2020-11-28 22:07:00+00:00,1146,2.0,587.46,28.16,49.35,0.0,5.9,15.8,18.06,1.03,0,forward
2020-11-28 23:07:00+00:00,822,2.0,567.44,26.6,45.93,0.0,7.63,14.64,16.08,1.92,0,forward
2020-11-29 00:07:00+00:00,546,2.0,520.71,21.91,41.13,0.0,8.11,12.26,13.08,2.38,0,forward
2020-11-29 01:07:00+00:00,337,1.0,460.63,15.42,35.3,0.02,5.84,9.64,10.38,1.68,0,forward
2020-11-29 02:07:00+00:00,198,1.0,393.87,9.39,30.16,0.24,3.19,7.21,7.96,0.71,0,forward
2020-11-29 03:07:00+00:00,162,1.0,323.77,2.63,26.05,2.48,2.65,4.99,5.8,0.49,0,forward
2020-11-29 04:07:00+00:00,187,1.0,297.07,1.08,21.94,6.08,2.47,4.22,5.08,0.38,0,forward
2020-11-29 05:07:00+00:00,426,1.0,300.41,1.29,21.76,7.51,3.1,4.6,5.53,0.46,0,forward
2020-11-29 06:07:00+00:00,411,1.0,323.77,2.04,25.71,5.9,4.05,5.44,6.49,0.58,0,forward
2020-11-29 07:07:00+00:00,609,1.0,330.45,2.43,28.45,5.32,4.53,5.65,6.84,0.61,0,forward
2020-11-29 08:07:00+00:00,951,1.0,313.76,1.93,25.02,10.64,4.53,4.79,6.11,0.59,0,forward
2020-11-29 09:07:00+00:00,1876,1.0,283.72,1.26,18.51,21.28,4.17,3.33,4.5,0.55,0,forward
2020-11-29 10:07:00+00:00,3089,1.0,270.37,1.44,15.94,28.25,4.47,2.56,3.68,0.55,0,forward
2020-11-29 11:07:00+00:00,3946,1.0,260.35,1.4,14.91,34.33,4.83,1.88,2.91,0.59,0,forward
2020-11-29 12:07:00+00:00,4437,1.0,243.66,0.86,12.34,42.2,4.17,1.37,2.25,0.55,0,forward
2020-11-29 13:07:00+00:00,4982,1.0,243.66,0.54,12.51,41.49,3.61,1.37,2.25,0.62,0,forward
2020-11-29 14:07:00+00:00,5296,1.0,243.66,0.1,12.51,40.41,3.04,1.36,2.16,0.66,0,forward
2020-11-29 15:07:00+00:00,4924,1.0,247.0,0.03,12.85,39.34,2.71,1.42,2.12,0.67,0,forward
2020-11-29 16:07:00+00:00,4860,1.0,250.34,0.04,13.88,37.55,2.62,1.57,2.23,0.62,0,forward
2020-11-29 17:07:00+00:00,4359,1.0,257.02,0.05,14.91,34.69,2.68,1.82,2.46,0.59,0,forward
2020-11-29 18:07:00+00:00,3654,1.0,263.69,0.07,15.59,31.83,2.83,2.21,2.89,0.59,0,forward
2020-11-29 19:07:00+00:00,3075,1.0,267.03,0.07,15.08,30.76,2.74,2.56,3.3,0.6,0,forward
2020-11-29 20:07:00+00:00,2162,1.0,263.69,0.08,14.57,29.68,2.62,3.24,4.04,0.59,0,forward
2020-11-29 21:07:00+00:00,1561,1.0,260.35,0.07,13.88,28.97,2.35,4.0,4.78,0.52,0,forward
2020-11-29 22:07:00+00:00,1105,1.0,253.68,0.03,12.0,31.47,1.86,4.21,4.97,0.46,0,forward
2020-11-29 23:07:00+00:00,713,1.0,250.34,0.03,11.31,34.33,1.91,4.26,5.01,0.46,0,forward
2020-11-30 00:07:00+00:00,490,1.0,253.68,0.03,11.14,35.41,1.88,4.32,5.13,0.48,0,forward
2020-11-30 01:07:00+00:00,309,1.0,257.02,0.04,11.48,33.26,1.8,4.57,5.54,0.51,0,forward
2020-11-30 02:07:00+00:00,336,1.0,260.35,0.06,12.17,29.68,1.86,4.87,6.12,0.56,0,forward
2020-11-30 03:07:00+00:00,463,1.0,263.69,0.09,13.2,25.75,2.03,5.19,6.86,0.61,0,forward
2020-11-30 04:07:00+00:00,1022,1.0,267.03,0.16,14.4,21.99,2.38,5.65,8.14,0.64,0,forward
2020-11-30 05:07:00+00:00,2906,1.0,280.38,0.38,18.34,18.24,3.61,6.69,10.12,0.71,0,forward
2020-11-30 06:07:00+00:00,5524,1.0,267.03,0.09,15.94,32.54,4.29,6.64,9.49,0.49,0,forward
2020-11-30 07:07:00+00:00,5850,1.0,263.69,0.06,15.59,38.27,4.41,6.45,8.77,0.43,0,forward
2020-11-30 08:07:00+00:00,4390,1.0,260.35,0.17,14.4,41.49,4.23,5.92,7.96,0.42,0,forward
2020-11-30 09:07:00+00:00,3506,1.0,250.34,0.29,12.51,44.35,3.67,5.09,6.82,0.42,0,forward
2020-11-30 10:07:00+00:00,3892,1.0,247.0,0.33,11.14,44.7,3.16,4.96,6.29,0.44,0,forward
2020-11-30 11:07:00+00:00,4813,1.0,243.66,0.29,10.03,43.63,2.74,5.52,6.35,0.49,0,forward
2020-11-30 12:07:00+00:00,5059,1.0,263.69,0.55,12.85,36.84,3.1,7.2,7.86,0.6,0,forward
2020-11-30 13:07:00+00:00,5501,1.0,277.04,0.73,16.11,31.11,3.34,7.79,8.63,0.74,0,forward
2020-11-30 14:07:00+00:00,5691,1.0,270.37,0.21,16.97,30.4,3.1,6.12,7.11,0.84,0,forward
2020-11-30 15:07:00+00:00,6113,1.0,267.03,0.11,17.99,29.68,3.1,4.82,5.86,0.85,0,forward
2020-11-30 16:07:00+00:00,5792,1.0,273.71,0.16,20.56,26.11,3.31,5.81,6.88,0.82,0,forward
2020-11-30 17:07:00+00:00,5601,1.0,280.38,0.2,22.62,23.6,3.55,7.86,9.03,0.78,0,forward
2020-11-30 18:07:00+00:00,4700,1.0,283.72,0.16,22.96,24.68,3.61,8.59,9.82,0.76,0,forward
2020-11-30 19:07:00+00:00,3492,1.0,280.38,0.09,21.59,28.25,3.55,8.13,9.35,0.76,0,forward
2020-11-30 20:07:00+00:00,2397,1.0,277.04,0.05,20.22,32.19,3.49,7.68,8.8,0.83,0,forward
2020-11-30 21:07:00+00:00,1676,1.0,270.37,0.03,18.34,35.05,3.22,7.35,8.34,0.93,0,forward
2020-11-30 22:07:00+00:00,1213,1.0,263.69,0.01,16.28,36.48,2.83,7.24,8.1,1.08,0,forward
2020-11-30 23:07:00+00:00,937,1.0,263.69,0.01,15.08,36.84,2.86,7.83,8.63,1.3,0,forward
2020-12-01 00:07:00+00:00,472,1.0,263.69,0.01,14.05,38.62,2.92,8.66,9.34,1.36,0,forward
2020-12-01 01:07:00+00:00,377,1.0,267.03,0.01,13.54,40.77,2.98,9.1,9.65,1.17,0,forward
2020-12-01 02:07:00+00:00,418,1.0,267.03,0.01,12.68,43.63,2.95,9.02,9.49,0.93,0,forward
2020-12-01 03:07:00+00:00,513,1.0,263.69,0.01,12.34,45.78,2.95,8.51,8.98,0.76,0,forward
2020-12-01 04:07:00+00:00,1044,1.0,267.03,0.01,12.85,46.49,3.01,8.15,8.7,0.65,0,forward
2020-12-01 05:07:00+00:00,2796,1.0,280.38,0.02,15.94,43.27,3.55,8.72,9.4,0.6,0,forward
2020-12-01 06:07:00+00:00,5410,1.0,297.07,0.06,20.22,37.55,4.23,9.98,10.86,0.63,0,forward
2020-12-01 07:07:00+00:00,6600,2.0,310.42,0.13,22.28,33.98,4.71,11.14,12.16,0.71,0,forward
2020-12-01 08:07:00+00:00,6275,2.0,317.1,0.58,22.28,33.62,5.01,11.92,13.0,0.8,0,forward
2020-12-01 09:07:00+00:00,5429,2.0,313.76,0.99,20.74,36.12,4.65,12.12,13.07,0.85,0,forward
2020-12-01 10:07:00+00:00,4628,2.0,313.76,1.55,20.05,37.91,4.47,11.43,12.3,0.96,0,forward
2020-12-01 11:07:00+00:00,4876,2.0,310.42,1.72,19.02,39.34,4.29,10.23,11.06,1.05,0,forward
2020-12-01 12:07:00+00:00,5138,1.0,330.45,1.84,23.65,33.62,4.77,9.73,10.72,1.25,0,forward
2020-12-01 13:07:00+00:00,5348,1.0,360.49,1.58,31.87,22.53,5.36,9.76,11.08,1.39,0,forward
2020-12-01 14:07:00+00:00,5825,1.0,383.85,1.31,38.73,12.52,5.54,9.69,11.34,1.3,0,forward
2020-12-01 15:07:00+00:00,6095,2.0,413.9,3.8,45.24,4.07,6.02,10.37,12.3,1.2,0,forward
2020-12-01 16:07:00+00:00,6186,2.0,433.92,7.38,45.93,1.1,6.38,11.75,13.85,1.17,0,forward
2020-12-01 17:07:00+00:00,5484,2.0,423.91,6.54,44.55,1.63,6.74,13.47,15.72,1.17,0,forward
2020-12-01 18:07:00+00:00,4975,2.0,380.52,1.48,39.07,7.69,6.8,14.28,16.52,1.09,0,forward
2020-12-01 19:07:00+00:00,3473,2.0,380.52,1.13,37.7,8.76,6.97,15.4,17.91,1.01,0,forward
2020-12-01 20:07:00+00:00,2340,2.0,387.19,1.16,37.36,8.23,6.74,16.07,18.78,0.92,0,forward
2020-12-01 21:07:00+00:00,1665,2.0,390.53,1.23,35.99,7.15,5.78,16.14,18.94,0.81,0,forward
2020-12-01 22:07:00+00:00,1181,2.0,390.53,1.15,33.24,5.9,4.41,15.58,18.29,0.67,0,forward
2020-12-01 23:07:00+00:00,765,2.0,387.19,1.22,30.5,5.1,3.52,14.85,17.42,0.6,0,forward
2020-12-02 00:07:00+00:00,509,2.0,390.53,1.66,28.79,3.44,3.13,14.99,17.5,0.68,0,forward
2020-12-02 01:07:00+00:00,380,2.0,397.21,2.82,28.45,1.59,3.61,15.77,18.25,1.12,0,forward
2020-12-02 02:07:00+00:00,421,2.0,403.88,4.25,28.45,0.71,5.36,16.82,19.24,2.38,0,forward
2020-12-02 03:07:00+00:00,565,2.0,413.9,6.04,28.45,0.32,6.44,17.81,20.06,2.91,0,forward
2020-12-02 04:07:00+00:00,943,2.0,423.91,8.27,27.76,0.18,7.33,18.84,21.08,3.39,0,forward
2020-12-02 05:07:00+00:00,2585,3.0,460.63,14.31,26.73,0.06,9.42,21.12,23.63,4.18,0,forward
2020-12-02 06:07:00+00:00,5272,3.0,500.68,21.91,25.71,0.02,11.44,23.78,26.9,4.94,0,forward
2020-12-02 07:07:00+00:00,6329,4.0,520.71,26.15,25.02,0.09,12.52,25.6,29.21,5.19,0,forward
2020-12-02 08:07:00+00:00,6319,4.0,507.36,25.48,23.31,1.26,12.16,25.75,29.6,4.69,0,forward
2020-12-02 09:07:00+00:00,5363,3.0,433.92,14.08,21.42,6.35,8.35,22.18,25.48,2.15,0,forward
2020-12-02 10:07:00+00:00,4464,2.0,397.21,9.61,18.68,12.52,7.15,19.84,22.88,1.62,0,forward
2020-12-02 11:07:00+00:00,5073,2.0,377.18,7.94,16.97,16.27,6.62,18.62,21.53,1.6,0,forward
2020-12-02 12:07:00+00:00,5314,2.0,360.49,5.2,18.51,22.17,6.2,16.09,18.59,1.43,0,forward
2020-12-02 13:07:00+00:00,5681,2.0,360.49,3.3,23.65,20.74,6.2,14.86,17.25,1.2,0,forward
2020-12-02 14:07:00+00:00,6131,2.0,360.49,1.05,30.5,15.56,6.38,14.07,16.49,0.94,0,forward
2020-12-02 15:07:00+00:00,6182,2.0,370.5,1.23,36.67,10.01,7.87,14.37,16.85,0.82,0,forward
2020-12-02 16:07:00+00:00,6137,2.0,373.84,1.84,38.39,6.8,9.54,15.86,18.4,1.12,0,forward
2020-12-02 17:07:00+00:00,5497,2.0,377.18,1.77,34.27,6.97,10.49,17.89,20.49,1.68,0,forward
2020-12-02 18:07:00+00:00,4801,2.0,383.85,1.44,30.5,8.23,10.61,19.95,22.63,2.03,0,forward
2020-12-02 19:07:00+00:00,3579,3.0,387.19,1.26,29.47,9.03,10.49,20.15,22.89,2.6,0,forward
2020-12-02 20:07:00+00:00,2375,2.0,377.18,0.82,28.45,12.7,9.54,18.26,20.91,3.14,0,forward
2020-12-02 21:07:00+00:00,1684,2.0,350.48,0.31,24.68,20.21,7.87,15.11,17.52,3.55,0,forward
2020-12-02 22:07:00+00:00,1151,2.0,327.11,0.08,19.88,29.33,6.32,12.77,14.9,3.86,0,forward
2020-12-02 23:07:00+00:00,727,2.0,313.76,0.03,17.14,35.41,5.78,11.72,13.61,4.18,0,forward
2020-12-03 00:07:00+00:00,531,2.0,310.42,0.02,15.94,38.98,5.72,11.42,13.2,4.37,0,forward
2020-12-03 01:07:00+00:00,376,2.0,307.08,0.02,14.74,42.2,5.72,11.28,13.03,4.37,0,forward
2020-12-03 02:07:00+00:00,438,2.0,303.75,0.01,13.71,45.42,5.78,11.16,12.94,4.12,0,forward
2020-12-03 03:07:00+00:00,615,2.0,297.07,0.01,13.02,48.64,6.02,10.89,12.73,3.77,0,forward
2020-12-03 04:07:00+00:00,960,2.0,297.07,0.01,13.54,47.92,6.56,10.84,12.77,3.74,0,forward
2020-12-03 05:07:00+00:00,2718,2.0,310.42,0.03,16.97,43.99,7.87,11.5,13.65,3.83,0,forward
2020-12-03 06:07:00+00:00,5277,2.0,320.44,0.06,20.74,38.27,9.3,12.73,15.24,3.96,0,forward
2020-12-03 07:07:00+00:00,6133,2.0,330.45,0.09,23.31,33.98,10.25,13.96,16.61,4.02,0,forward
2020-12-03 08:07:00+00:00,6104,2.0,330.45,0.17,23.65,32.9,10.49,14.53,17.03,3.96,0,forward
2020-12-03 09:07:00+00:00,5447,2.0,323.77,0.25,21.25,36.84,8.94,14.0,16.04,3.45,0,forward
2020-12-03 10:07:00+00:00,5209,2.0,320.44,0.4,20.05,39.7,6.97,12.9,14.62,2.69,0,forward
2020-12-03 11:07:00+00:00,5382,2.0,313.76,0.45,18.34,42.2,5.96,11.0,12.4,2.72,0,forward
2020-12-03 12:07:00+00:00,5617,1.0,307.08,0.47,17.82,43.27,5.19,8.63,9.77,2.57,0,forward
2020-12-03 13:07:00+00:00,5922,1.0,310.42,0.35,18.68,41.84,4.83,7.0,8.04,2.44,0,forward
2020-12-03 14:07:00+00:00,6336,1.0,313.76,0.08,19.02,40.41,4.59,6.01,7.02,2.38,0,forward
2020-12-03 15:07:00+00:00,6425,1.0,317.1,0.04,19.19,39.34,4.47,5.58,6.59,2.28,0,forward
2020-12-03 16:07:00+00:00,6388,1.0,313.76,0.04,18.68,38.98,4.35,5.4,6.4,2.12,0,forward
2020-12-03 17:07:00+00:00,5795,1.0,317.1,0.04,18.51,37.91,4.59,5.88,6.93,1.87,0,forward
2020-12-03 18:07:00+00:00,5107,1.0,323.77,0.06,19.71,33.98,5.54,7.43,8.68,1.69,0,forward
2020-12-03 19:07:00+00:00,3769,1.0,327.11,0.07,20.39,31.11,6.86,8.69,10.16,1.87,0,forward
2020-12-03 20:07:00+00:00,2614,1.0,323.77,0.07,20.56,30.76,9.18,8.72,10.25,2.57,0,forward
2020-12-03 21:07:00+00:00,1736,1.0,313.76,0.05,20.05,32.9,10.73,8.48,9.98,3.17,0,forward
2020-12-03 22:07:00+00:00,1208,1.0,300.41,0.02,17.82,38.98,10.13,8.35,9.7,3.17,0,forward
2020-12-03 23:07:00+00:00,857,1.0,290.39,0.01,15.77,44.7,8.94,8.51,9.69,3.07,0,forward
2020-12-04 00:07:00+00:00,581,1.0,310.42,0.01,15.77,41.13,7.99,9.35,10.77,3.17,0,forward
2020-12-04 01:07:00+00:00,437,2.0,360.49,0.04,19.88,29.33,8.7,11.77,13.96,3.39,0,forward
2020-12-04 02:07:00+00:00,430,2.0,367.17,0.04,19.02,28.25,8.46,12.32,14.24,3.14,0,forward
2020-12-04 03:07:00+00:00,539,2.0,337.12,0.03,14.05,34.33,7.63,11.3,12.54,2.22,0,forward
2020-12-04 04:07:00+00:00,975,2.0,317.1,0.03,12.17,34.33,7.21,11.13,12.08,1.68,0,forward
2020-12-04 05:07:00+00:00,2495,2.0,313.76,0.07,13.2,33.26,6.56,10.76,11.63,1.35,0,forward
2020-12-04 06:07:00+00:00,4769,2.0,317.1,0.09,14.91,32.9,5.25,10.26,11.15,0.78,0,forward
2020-12-04 07:07:00+00:00,6123,1.0,317.1,0.12,16.11,31.83,4.29,9.88,10.8,0.45,0,forward
2020-12-04 08:07:00+00:00,5995,1.0,317.1,0.45,16.11,32.19,4.35,9.31,10.25,0.48,0,forward
2020-12-04 09:07:00+00:00,5746,1.0,317.1,0.82,15.94,32.54,4.41,8.34,9.36,0.57,0,forward
2020-12-04 10:07:00+00:00,5447,1.0,313.76,0.86,16.62,31.83,4.47,7.38,8.52,0.71,0,forward
2020-12-04 11:07:00+00:00,5519,1.0,313.76,0.59,17.48,30.76,4.41,6.66,7.91,0.87,0,forward
2020-12-04 12:07:00+00:00,5962,1.0,317.1,0.7,18.85,29.33,4.65,6.53,7.9,0.98,0,forward
2020-12-04 13:07:00+00:00,6713,1.0,320.44,0.69,19.19,28.61,4.59,6.46,7.91,0.95,0,forward
2020-12-04 14:07:00+00:00,7100,1.0,320.44,0.2,19.36,28.97,4.47,6.16,7.62,0.83,0,forward
2020-12-04 15:07:00+00:00,6639,1.0,327.11,0.13,21.42,28.25,4.71,6.19,7.64,0.7,0,forward
2020-12-04 16:07:00+00:00,6042,1.0,337.12,0.2,24.33,25.03,4.89,6.72,8.2,0.63,0,forward
2020-12-04 17:07:00+00:00,5529,1.0,347.14,0.29,26.39,21.99,5.01,7.48,9.03,0.6,0,forward
2020-12-04 18:07:00+00:00,4638,1.0,353.81,0.31,26.73,21.28,4.95,7.98,9.59,0.59,0,forward
2020-12-04 19:07:00+00:00,3711,1.0,350.48,0.23,25.36,22.53,4.83,8.14,9.73,0.55,0,forward
2020-12-04 20:07:00+00:00,2575,1.0,347.14,0.19,23.99,23.96,4.71,8.36,9.89,0.52,0,forward
2020-12-04 21:07:00+00:00,1818,1.0,340.46,0.11,21.25,26.82,4.23,8.15,9.62,0.48,0,forward
2020-12-04 22:07:00+00:00,1348,1.0,327.11,0.05,17.48,31.11,3.55,7.49,8.83,0.42,0,forward
2020-12-04 23:07:00+00:00,1047,1.0,317.1,0.02,14.05,35.76,3.13,6.81,8.04,0.39,0,forward
2020-12-05 00:07:00+00:00,676,1.0,313.76,0.01,12.68,38.62,3.22,6.29,7.45,0.39,0,forward
2020-12-05 01:07:00+00:00,459,1.0,307.08,0.01,11.65,40.41,3.25,5.77,6.89,0.4,0,forward
2020-12-05 02:07:00+00:00,366,1.0,303.75,0.01,10.63,42.2,3.07,5.2,6.3,0.43,0,forward
2020-12-05 03:07:00+00:00,381,1.0,297.07,0.01,9.85,43.63,2.89,4.7,5.76,0.5,0,forward
2020-12-05 04:07:00+00:00,455,1.0,293.73,0.01,9.85,45.06,2.77,4.36,5.36,0.59,0,forward
2020-12-05 05:07:00+00:00,847,1.0,300.41,0.01,11.65,44.7,3.01,4.23,5.23,0.74,0,forward
2020-12-05 06:07:00+00:00,1101,1.0,303.75,0.02,13.54,44.7,3.16,4.15,5.17,0.86,0,forward
2020-12-05 07:07:00+00:00,1565,1.0,297.07,0.03,13.2,47.92,3.04,3.94,4.96,0.88,0,forward
2020-12-05 08:07:00+00:00,2308,1.0,290.39,0.21,12.0,52.93,2.92,3.84,4.81,0.87,0,forward
2020-12-05 09:07:00+00:00,3410,1.0,293.73,0.4,11.31,54.36,3.13,4.04,5.02,0.96,0,forward
2020-12-05 10:07:00+00:00,4328,1.0,303.75,0.44,12.85,51.5,3.67,4.55,5.57,1.17,0,forward
2020-12-05 11:07:00+00:00,4797,1.0,310.42,0.28,13.71,48.64,3.31,4.32,5.31,1.43,0,forward
2020-12-05 12:07:00+00:00,5194,1.0,317.1,0.2,15.42,42.56,3.01,4.04,5.05,1.82,0,forward
2020-12-05 13:07:00+00:00,5339,1.0,327.11,0.16,18.68,34.33,2.98,4.35,5.54,2.09,0,forward
2020-12-05 14:07:00+00:00,5334,1.0,340.46,0.12,21.76,27.9,3.01,4.31,5.6,1.92,0,forward
2020-12-05 15:07:00+00:00,4872,1.0,380.52,1.17,32.22,13.23,3.76,5.2,6.64,1.38,0,forward
2020-12-05 16:07:00+00:00,4559,1.0,453.95,10.28,39.41,0.95,5.07,7.69,9.5,1.24,0,forward
2020-12-05 17:07:00+00:00,3905,2.0,560.76,29.5,36.67,0.01,7.75,11.74,14.18,1.68,0,forward
2020-12-05 18:07:00+00:00,3275,2.0,700.95,53.64,35.99,0.0,10.37,18.2,21.5,1.92,0,forward
2020-12-05 19:07:00+00:00,2571,4.0,907.9,81.36,43.18,0.0,9.89,28.22,31.89,1.2,0,forward
2020-12-05 20:07:00+00:00,1843,4.0,1134.87,105.5,58.95,0.0,9.78,40.39,43.92,0.84,0,forward
2020-12-05 21:07:00+00:00,1512,4.0,1001.36,68.84,65.8,0.0,8.11,34.22,36.88,0.66,0,forward
2020-12-05 22:07:00+00:00,1165,3.0,727.65,27.49,61.69,0.0,5.72,22.03,23.95,0.52,0,forward
2020-12-05 23:07:00+00:00,845,2.0,480.65,5.64,43.53,1.05,3.87,12.08,13.5,0.46,0,forward
2020-12-06 00:07:00+00:00,613,1.0,330.45,0.26,23.31,15.2,3.28,7.85,9.17,0.43,0,forward
2020-12-06 01:07:00+00:00,381,1.0,297.07,0.05,14.74,26.46,3.1,8.52,9.95,0.38,0,forward
2020-12-06 02:07:00+00:00,233,1.0,293.73,0.03,12.0,31.83,2.98,9.23,10.65,0.36,0,forward
2020-12-06 03:07:00+00:00,166,1.0,287.06,0.02,10.11,36.12,3.01,8.81,10.13,0.34,0,forward
2020-12-06 04:07:00+00:00,174,1.0,283.72,0.01,9.51,38.98,3.07,8.3,9.56,0.33,0,forward
2020-12-06 05:07:00+00:00,374,1.0,287.06,0.02,10.97,40.41,3.49,8.38,9.59,0.34,0,forward
2020-12-06 06:07:00+00:00,478,1.0,287.06,0.02,12.51,40.77,3.82,8.32,9.5,0.36,0,forward
2020-12-06 07:07:00+00:00,547,1.0,283.72,0.03,12.85,40.77,3.99,8.13,9.31,0.37,0,forward
2020-12-06 08:07:00+00:00,975,1.0,277.04,0.08,12.17,41.84,4.23,7.91,9.09,0.36,0,forward
2020-12-06 09:07:00+00:00,1992,1.0,267.03,0.16,10.8,44.35,4.41,7.55,8.73,0.33,0,forward
2020-12-06 10:07:00+00:00,3231,1.0,260.35,0.37,10.03,45.42,4.53,7.27,8.45,0.39,0,forward
2020-12-06 11:07:00+00:00,4154,1.0,260.35,0.49,9.34,47.21,4.35,7.03,8.18,0.47,0,forward
2020-12-06 12:07:00+00:00,5087,1.0,260.35,0.4,9.43,49.35,4.11,6.69,7.8,0.54,0,forward
2020-12-06 13:07:00+00:00,5401,1.0,260.35,0.17,9.77,49.35,3.87,6.63,7.7,0.59,0,forward
2020-12-06 14:07:00+00:00,5581,1.0,263.69,0.02,9.68,48.64,3.55,6.81,7.86,0.59,0,forward
2020-12-06 15:07:00+00:00,5415,1.0,263.69,0.01,10.54,47.21,3.7,7.44,8.51,0.58,0,forward
2020-12-06 16:07:00+00:00,5172,1.0,267.03,0.01,12.17,44.7,4.23,8.01,9.15,0.56,0,forward
2020-12-06 17:07:00+00:00,4615,1.0,270.37,0.01,13.2,42.2,4.65,8.2,9.45,0.54,0,forward
2020-12-06 18:07:00+00:00,3792,1.0,273.71,0.01,13.02,40.41,4.59,8.39,9.69,0.49,0,forward
2020-12-06 19:07:00+00:00,3071,1.0,273.71,0.01,12.0,41.49,4.29,8.1,9.38,0.45,0,forward
2020-12-06 20:07:00+00:00,2250,1.0,273.71,0.01,11.31,42.56,3.99,7.41,8.65,0.44,0,forward
2020-12-06 21:07:00+00:00,1592,1.0,270.37,0.01,10.03,44.7,3.7,6.59,7.77,0.44,0,forward
2020-12-06 22:07:00+00:00,1114,1.0,260.35,0.0,7.88,48.64,3.34,5.9,7.01,0.44,0,forward
2020-12-06 23:07:00+00:00,680,1.0,253.68,0.0,7.45,51.5,3.64,5.57,6.62,0.49,0,forward
2020-12-07 00:07:00+00:00,445,1.0,250.34,0.0,6.86,55.08,3.76,4.93,5.93,0.55,0,forward
2020-12-07 01:07:00+00:00,322,1.0,250.34,0.0,6.6,56.51,3.79,4.16,5.09,0.61,0,forward
2020-12-07 02:07:00+00:00,336,1.0,247.0,0.0,6.34,57.94,3.61,3.6,4.45,0.63,0,forward
2020-12-07 03:07:00+00:00,442,1.0,243.66,0.0,6.08,58.65,3.31,3.19,3.9,0.62,0,forward
2020-12-07 04:07:00+00:00,1017,1.0,243.66,0.0,6.26,58.65,3.22,2.93,3.6,0.63,0,forward
2020-12-07 05:07:00+00:00,2981,1.0,250.34,0.0,7.97,57.22,3.61,2.9,3.61,0.69,0,forward
2020-12-07 06:07:00+00:00,5804,1.0,250.34,0.0,9.51,55.79,3.79,2.74,3.55,0.8,0,forward
2020-12-07 07:07:00+00:00,6428,1.0,250.34,0.01,9.85,53.64,3.52,2.35,3.16,0.9,0,forward
2020-12-07 08:07:00+00:00,6372,1.0,250.34,0.02,9.51,52.21,3.07,2.01,2.81,0.93,0,forward
2020-12-07 09:07:00+00:00,5600,1.0,253.68,0.06,10.11,50.78,3.37,1.88,2.69,0.91,0,forward
2020-12-07 10:07:00+00:00,5280,1.0,263.69,0.1,12.85,47.92,4.47,2.05,2.95,0.94,0,forward
2020-12-07 11:07:00+00:00,5303,1.0,270.37,0.11,15.08,44.35,5.01,2.28,3.29,1.11,0,forward
2020-12-07 12:07:00+00:00,5379,1.0,290.39,0.15,16.11,36.12,4.05,2.54,3.5,1.33,0,forward
2020-12-07 13:07:00+00:00,5551,1.0,340.46,0.44,21.94,19.49,3.76,3.29,4.23,1.3,0,forward
2020-12-07 14:07:00+00:00,5766,1.0,380.52,1.36,28.1,7.78,3.99,4.37,5.41,1.09,0,forward
2020-12-07 15:07:00+00:00,6103,1.0,417.23,4.86,31.87,1.83,4.29,5.38,6.65,0.95,0,forward
2020-12-07 16:07:00+00:00,6248,1.0,447.27,10.17,31.53,0.3,4.35,6.3,7.86,0.86,0,forward
2020-12-07 17:07:00+00:00,5598,1.0,467.3,13.3,31.19,0.13,4.71,7.53,9.43,0.86,0,forward
2020-12-07 18:07:00+00:00,4616,1.0,507.36,19.45,30.85,0.04,5.72,9.66,12.05,0.99,0,forward
2020-12-07 19:07:00+00:00,3276,2.0,580.79,30.85,30.16,0.0,7.33,12.76,15.93,1.28,0,forward
2020-12-07 20:07:00+00:00,2336,2.0,687.6,46.94,29.82,0.0,10.37,17.31,21.38,1.95,0,forward
2020-12-07 21:07:00+00:00,1609,3.0,781.06,62.59,30.16,0.0,12.99,22.32,27.15,2.66,0,forward
2020-12-07 22:07:00+00:00,1149,4.0,881.2,78.68,30.85,0.0,12.52,27.85,32.8,2.34,0,forward
2020-12-07 23:07:00+00:00,653,4.0,1054.76,105.5,34.27,0.0,12.4,37.88,42.3,1.81,0,forward
2020-12-08 00:07:00+00:00,469,4.0,1134.87,114.44,38.39,0.0,9.54,42.19,45.72,1.06,0,forward
2020-12-08 01:07:00+00:00,295,4.0,974.66,85.83,37.7,0.0,6.32,33.34,36.05,0.69,0,forward
2020-12-08 02:07:00+00:00,435,3.0,720.98,46.05,34.27,0.0,4.41,21.16,23.43,0.58,0,forward
2020-12-08 03:07:00+00:00,564,2.0,487.33,11.29,31.87,0.17,4.11,12.42,14.37,0.42,0,forward
2020-12-08 04:07:00+00:00,1040,1.0,397.21,3.47,28.1,1.57,3.67,9.82,11.78,0.45,0,forward
2020-12-08 05:07:00+00:00,2726,1.0,360.49,2.77,26.39,3.62,4.65,8.71,10.84,0.54,0,forward
2020-12-08 06:07:00+00:00,5387,1.0,357.15,2.52,28.45,5.1,5.66,8.35,10.65,0.59,0,forward
2020-12-08 07:07:00+00:00,6662,1.0,357.15,2.26,30.16,6.44,6.26,8.17,10.45,0.61,0,forward
2020-12-08 08:07:00+00:00,6075,1.0,350.48,3.49,26.73,12.52,6.68,7.52,9.71,0.61,0,forward
2020-12-08 09:07:00+00:00,5417,1.0,327.11,4.08,21.42,21.1,6.44,6.23,8.22,0.6,0,forward
2020-12-08 10:07:00+00:00,5239,1.0,303.75,3.41,18.68,25.75,5.96,4.75,6.59,0.71,0,forward
2020-12-08 11:07:00+00:00,5423,1.0,287.06,2.4,17.14,29.68,5.42,3.91,5.52,0.84,0,forward
2020-12-08 12:07:00+00:00,4747,1.0,283.72,1.75,18.17,31.11,5.36,3.8,5.22,0.97,0,forward
2020-12-08 13:07:00+00:00,5704,1.0,300.41,1.47,23.31,25.39,6.14,4.36,5.85,1.06,0,forward
2020-12-08 14:07:00+00:00,6054,1.0,317.1,0.69,30.85,16.81,6.97,5.19,6.88,1.01,0,forward
2020-12-08 15:07:00+00:00,6350,1.0,340.46,1.33,38.73,8.94,8.23,6.39,8.26,0.9,0,forward
2020-12-08 16:07:00+00:00,6251,2.0,360.49,2.74,42.84,4.47,8.46,7.42,9.43,0.77,0,forward
2020-12-08 17:07:00+00:00,5781,2.0,377.18,3.8,42.84,2.95,7.99,8.26,10.39,0.73,0,forward
2020-12-08 18:07:00+00:00,4860,2.0,387.19,3.91,41.47,2.79,7.33,8.95,11.19,0.71,0,forward
2020-12-08 19:07:00+00:00,3491,1.0,390.53,3.38,39.76,3.17,6.86,9.34,11.63,0.67,0,forward
2020-12-08 20:07:00+00:00,2271,1.0,390.53,2.93,38.73,3.67,6.8,9.59,11.92,0.65,0,forward
2020-12-08 21:07:00+00:00,1610,1.0,380.52,1.84,36.67,5.54,6.26,9.43,11.71,0.59,0,forward
2020-12-08 22:07:00+00:00,1166,1.0,347.14,0.5,30.16,12.16,5.07,8.34,10.42,0.5,0,forward
2020-12-08 23:07:00+00:00,711,1.0,310.42,0.13,21.59,21.46,4.29,7.0,8.88,0.44,0,forward
2020-12-09 00:07:00+00:00,494,1.0,293.73,0.06,16.62,27.9,4.23,6.25,7.71,0.37,0,forward
2020-12-09 01:07:00+00:00,367,1.0,293.73,0.05,15.59,29.33,4.29,6.25,7.31,0.34,0,forward
2020-12-09 02:07:00+00:00,455,1.0,297.07,0.05,15.59,29.68,4.41,6.59,7.48,0.34,0,forward
2020-12-09 03:07:00+00:00,556,1.0,317.1,0.07,17.14,27.54,4.71,8.29,9.22,0.32,0,forward
2020-12-09 04:07:00+00:00,992,2.0,357.15,0.14,21.08,22.89,4.95,12.23,13.45,0.31,0,forward
2020-12-09 05:07:00+00:00,2736,2.0,407.22,0.54,27.76,14.66,5.6,16.24,17.62,0.35,0,forward
2020-12-09 06:07:00+00:00,5252,2.0,440.6,1.44,33.24,8.14,6.14,17.36,18.64,0.41,0,forward
2020-12-09 07:07:00+00:00,6295,2.0,447.27,1.96,34.27,6.17,6.2,16.2,17.33,0.44,0,forward
2020-12-09 08:07:00+00:00,6309,2.0,440.6,1.82,32.56,7.42,6.08,14.13,15.11,0.44,0,forward
2020-12-09 09:07:00+00:00,5773,2.0,410.56,1.62,28.45,12.52,5.78,11.3,12.23,0.44,0,forward
2020-12-09 10:07:00+00:00,5162,1.0,383.85,1.29,25.71,17.52,5.72,9.07,10.05,0.46,0,forward
2020-12-09 11:07:00+00:00,5275,1.0,363.83,1.01,23.99,21.82,5.66,7.5,8.49,0.48,0,forward
2020-12-09 12:07:00+00:00,5561,1.0,350.48,0.76,23.99,23.25,5.78,6.77,7.83,0.52,0,forward
2020-12-09 13:07:00+00:00,5719,1.0,360.49,0.59,27.08,19.67,5.96,7.57,8.87,0.55,0,forward
2020-12-09 14:07:00+00:00,5992,1.0,387.19,0.59,30.5,14.48,5.9,9.78,11.42,0.57,0,forward
2020-12-09 15:07:00+00:00,6186,2.0,417.23,1.12,34.27,9.12,6.02,13.41,15.57,0.59,0,forward
2020-12-09 16:07:00+00:00,6149,2.0,427.25,1.58,35.99,6.8,6.02,15.98,18.75,0.58,0,forward
2020-12-09 17:07:00+00:00,5511,2.0,413.9,1.58,35.99,6.88,6.14,16.54,19.6,0.56,0,forward
2020-12-09 18:07:00+00:00,4815,2.0,390.53,1.31,34.62,8.14,6.2,16.29,19.32,0.54,0,forward
2020-12-09 19:07:00+00:00,3556,2.0,370.5,0.96,32.56,10.01,6.2,15.34,18.32,0.53,0,forward
2020-12-09 20:07:00+00:00,2465,2.0,360.49,0.69,30.85,12.34,6.32,14.34,17.22,0.52,0,forward
2020-12-09 21:07:00+00:00,1701,2.0,353.81,0.5,30.16,14.13,6.02,13.7,16.44,0.48,0,forward
2020-12-09 22:07:00+00:00,1134,2.0,343.8,0.3,28.45,15.74,5.01,12.95,15.52,0.43,0,forward
2020-12-09 23:07:00+00:00,610,2.0,330.45,0.21,25.36,17.88,4.41,12.45,14.89,0.44,0,forward
2020-12-10 00:07:00+00:00,698,2.0,327.11,0.19,23.65,18.42,5.66,12.95,15.45,0.84,0,forward
2020-12-10 01:07:00+00:00,406,2.0,323.77,0.2,22.96,17.88,7.09,14.17,16.94,1.25,0,forward
2020-12-10 02:07:00+00:00,460,2.0,323.77,0.2,21.94,18.24,8.35,15.7,18.65,1.57,0,forward
2020-12-10 03:07:00+00:00,584,2.0,317.1,0.12,19.71,22.35,10.49,17.23,20.36,1.58,0,forward
2020-12-10 04:07:00+00:00,1018,2.0,317.1,0.12,19.71,23.96,13.23,19.01,22.18,1.84,0,forward
2020-12-10 05:07:00+00:00,2707,2.0,327.11,0.23,22.62,22.71,14.9,19.12,22.21,2.19,0,forward
2020-12-10 06:07:00+00:00,5400,2.0,337.12,0.36,26.39,20.74,15.97,18.48,21.26,2.38,0,forward
2020-12-10 07:07:00+00:00,6073,2.0,343.8,0.42,29.13,19.67,17.41,18.22,20.74,2.25,0,forward
2020-12-10 08:07:00+00:00,5698,2.0,343.8,0.49,30.16,19.49,18.12,17.76,20.14,2.19,0,forward
2020-12-10 09:07:00+00:00,5781,2.0,347.14,0.64,30.85,19.31,18.36,17.15,19.47,2.34,0,forward
2020-12-10 10:07:00+00:00,5141,2.0,353.81,0.73,31.19,18.77,18.6,16.79,19.14,2.69,0,forward
2020-12-10 11:07:00+00:00,5188,2.0,353.81,0.68,30.5,18.77,17.64,16.77,19.16,2.47,0,forward
2020-12-10 12:07:00+00:00,5463,2.0,357.15,0.65,30.85,17.88,16.93,16.9,19.23,2.09,0,forward
2020-12-10 13:07:00+00:00,5825,2.0,363.83,0.68,32.22,15.91,19.31,17.0,19.33,2.88,0,forward
2020-12-10 14:07:00+00:00,6167,2.0,363.83,0.66,33.24,14.48,19.55,16.72,19.13,3.14,0,forward
2020-12-10 15:07:00+00:00,6442,2.0,363.83,0.66,33.59,14.66,19.07,16.14,18.53,3.39,0,forward
2020-12-10 16:07:00+00:00,6120,2.0,367.17,0.75,35.99,13.95,18.6,15.71,18.11,3.55,0,forward
2020-12-10 17:07:00+00:00,5627,2.0,377.18,1.01,39.07,11.62,18.6,15.94,18.47,3.58,0,forward
2020-12-10 18:07:00+00:00,4989,2.0,390.53,1.43,42.16,8.94,18.36,16.35,19.06,3.55,0,forward
2020-12-10 19:07:00+00:00,3603,2.0,400.54,1.77,43.87,6.88,17.88,16.97,19.9,3.45,0,forward
2020-12-10 20:07:00+00:00,2544,2.0,407.22,2.1,44.55,5.72,17.17,17.69,20.83,3.36,0,forward
2020-12-10 21:07:00+00:00,1853,2.0,397.21,1.62,41.47,6.62,15.26,17.74,21.01,3.17,0,forward
2020-12-10 22:07:00+00:00,1277,2.0,360.49,0.54,32.9,12.16,12.28,16.75,19.91,2.76,0,forward
2020-12-10 23:07:00+00:00,737,2.0,323.77,0.18,23.99,19.49,10.37,15.79,18.74,2.38,0,forward
2020-12-11 00:07:00+00:00,887,2.0,303.75,0.09,17.82,25.39,10.13,15.41,18.11,2.15,0,forward
2020-12-11 01:07:00+00:00,582,2.0,297.07,0.07,15.94,27.54,11.44,15.5,18.05,2.28,0,forward
2020-12-11 02:07:00+00:00,530,2.0,293.73,0.07,15.94,27.9,13.23,15.82,18.3,2.6,0,forward
2020-12-11 03:07:00+00:00,605,2.0,297.07,0.08,17.14,26.46,14.78,16.21,18.75,2.76,0,forward
2020-12-11 04:07:00+00:00,927,2.0,300.41,0.12,19.36,24.68,15.97,16.56,19.17,2.79,0,forward
2020-12-11 05:07:00+00:00,2280,2.0,313.76,0.29,23.99,20.74,17.64,17.17,19.99,2.88,0,forward
2020-12-11 06:07:00+00:00,4799,2.0,327.11,0.62,27.76,16.09,18.36,18.03,21.08,2.98,0,forward
2020-12-11 07:07:00+00:00,6401,2.0,337.12,0.8,28.79,14.13,16.69,18.48,21.63,2.6,0,forward
2020-12-11 08:07:00+00:00,6643,2.0,337.12,0.88,28.45,15.02,13.47,19.11,22.35,1.58,0,forward
2020-12-11 09:07:00+00:00,6093,2.0,337.12,1.03,27.42,17.52,12.16,19.65,23.08,1.14,0,forward
2020-12-11 10:07:00+00:00,5471,3.0,337.12,1.29,27.08,18.42,11.56,20.42,24.04,0.94,0,forward
2020-12-11 11:07:00+00:00,5593,3.0,340.46,1.57,27.42,18.06,11.33,20.42,24.06,0.83,0,forward
2020-12-11 12:07:00+00:00,6219,3.0,350.48,2.4,27.76,16.45,11.33,20.65,24.17,0.72,0,forward
2020-12-11 13:07:00+00:00,6752,3.0,357.15,1.87,29.82,12.52,10.37,21.32,24.76,0.64,0,forward
2020-12-11 14:07:00+00:00,7103,3.0,360.49,1.16,30.5,10.01,9.18,21.39,24.71,0.59,0,forward
2020-12-11 15:07:00+00:00,7240,3.0,357.15,0.87,30.5,11.27,8.94,21.09,24.12,0.53,0,forward
2020-12-11 16:07:00+00:00,6988,3.0,350.48,0.59,29.82,14.48,8.58,20.62,23.3,0.44,0,forward
2020-12-11 17:07:00+00:00,6764,3.0,347.14,0.43,28.45,16.81,7.75,20.05,22.55,0.4,0,forward
2020-12-11 18:07:00+00:00,6552,3.0,347.14,0.44,26.39,16.27,7.39,20.51,23.1,0.42,0,forward
2020-12-11 19:07:00+00:00,5230,3.0,363.83,0.75,27.42,11.44,7.75,22.33,25.35,0.48,0,forward
2020-12-11 20:07:00+00:00,3729,3.0,397.21,1.63,30.5,5.63,7.87,24.44,27.89,0.49,0,forward
2020-12-11 21:07:00+00:00,2804,3.0,423.91,2.38,31.87,2.84,7.21,24.78,28.29,0.47,0,forward
2020-12-11 22:07:00+00:00,2333,3.0,427.25,1.68,30.85,3.22,5.78,22.16,25.23,0.4,0,forward
2020-12-11 23:07:00+00:00,1837,2.0,420.57,0.65,27.76,6.53,4.59,17.72,20.14,0.34,0,forward
2020-12-12 00:07:00+00:00,1690,2.0,400.54,0.28,23.65,11.09,4.11,13.49,15.38,0.3,0,forward
2020-12-12 01:07:00+00:00,1054,2.0,383.85,0.19,20.74,14.48,3.87,10.57,12.16,0.31,0,forward
2020-12-12 02:07:00+00:00,773,1.0,367.17,0.15,18.51,16.63,3.58,8.9,10.32,0.31,0,forward
2020-12-12 03:07:00+00:00,689,1.0,353.81,0.14,16.79,18.24,3.34,8.23,9.58,0.33,0,forward
2020-12-12 04:07:00+00:00,773,1.0,347.14,0.13,15.77,19.85,3.34,8.08,9.38,0.34,0,forward
2020-12-12 05:07:00+00:00,1307,1.0,343.8,0.19,16.62,20.39,3.7,8.31,9.6,0.38,0,forward
2020-12-12 06:07:00+00:00,1724,1.0,343.8,0.25,17.82,20.03,3.99,8.48,9.76,0.4,0,forward
2020-12-12 07:07:00+00:00,2655,1.0,340.46,0.3,19.02,18.95,4.35,8.44,9.71,0.44,0,forward
2020-12-12 08:07:00+00:00,4064,1.0,337.12,0.62,19.02,19.31,4.89,8.38,9.64,0.45,0,forward
2020-12-12 09:07:00+00:00,5535,1.0,327.11,0.94,17.48,21.28,5.31,8.23,9.43,0.44,0,forward
2020-12-12 10:07:00+00:00,6629,1.0,320.44,0.83,16.97,22.17,5.72,8.04,9.2,0.45,0,forward
2020-12-12 11:07:00+00:00,6828,1.0,313.76,0.5,16.97,22.53,6.02,7.77,8.91,0.48,0,forward
2020-12-12 12:07:00+00:00,6967,1.0,317.1,0.4,19.19,20.39,6.5,7.78,8.98,0.55,0,forward
2020-12-12 13:07:00+00:00,7437,1.0,327.11,0.45,21.94,17.17,6.68,7.96,9.26,0.6,0,forward
2020-12-12 14:07:00+00:00,7477,1.0,330.45,0.43,23.31,15.56,6.26,7.94,9.29,0.6,0,forward
2020-12-12 15:07:00+00:00,7095,1.0,337.12,0.64,25.71,12.52,5.96,8.21,9.64,0.63,0,forward
2020-12-12 16:07:00+00:00,6570,1.0,353.81,1.26,29.47,8.05,5.78,9.0,10.61,0.67,0,forward
2020-12-12 17:07:00+00:00,6450,1.0,373.84,2.38,32.22,4.38,5.9,9.99,11.78,0.67,0,forward
2020-12-12 18:07:00+00:00,6324,2.0,397.21,4.41,33.93,1.81,5.96,11.38,13.34,0.67,0,forward
2020-12-12 19:07:00+00:00,4862,2.0,427.25,7.38,34.62,0.49,5.9,13.05,15.22,0.67,0,forward
2020-12-12 20:07:00+00:00,3624,2.0,460.63,10.62,34.96,0.12,5.96,14.92,17.14,0.69,0,forward
2020-12-12 21:07:00+00:00,2800,2.0,480.65,12.85,34.27,0.05,5.48,16.2,18.27,0.68,0,forward
2020-12-12 22:07:00+00:00,2705,2.0,473.98,12.07,32.9,0.03,4.23,16.49,18.42,0.62,0,forward
2020-12-12 23:07:00+00:00,2223,2.0,460.63,9.84,31.53,0.05,3.37,16.28,18.0,0.58,0,forward
2020-12-13 00:07:00+00:00,1805,2.0,440.6,7.71,29.82,0.09,3.04,16.19,17.77,0.56,0,forward
2020-12-13 01:07:00+00:00,1190,2.0,433.92,6.37,28.45,0.16,3.13,16.08,17.53,0.55,0,forward
2020-12-13 02:07:00+00:00,734,2.0,427.25,5.64,27.42,0.25,3.58,16.17,17.64,0.57,0,forward
2020-12-13 03:07:00+00:00,574,2.0,423.91,5.2,27.42,0.32,4.53,16.34,17.93,0.59,0,forward
2020-12-13 04:07:00+00:00,669,2.0,440.6,7.82,27.76,0.07,5.36,17.66,19.34,0.63,0,forward
2020-12-13 05:07:00+00:00,842,3.0,487.33,14.53,28.45,0.01,7.03,20.16,21.99,0.76,0,forward
2020-12-13 06:07:00+00:00,914,3.0,554.09,25.26,29.13,0.0,9.06,23.52,25.53,0.95,0,forward
2020-12-13 07:07:00+00:00,1278,4.0,620.84,36.21,30.5,0.01,10.97,26.69,28.97,1.11,0,forward
2020-12-13 08:07:00+00:00,2258,4.0,680.92,46.49,31.53,0.09,12.88,29.67,32.44,1.24,0,forward
2020-12-13 09:07:00+00:00,4130,4.0,714.3,53.64,31.87,0.2,14.31,30.98,34.16,1.3,0,forward
2020-12-13 10:07:00+00:00,5747,4.0,727.65,57.22,31.53,0.26,15.26,30.82,34.26,1.27,0,forward
2020-12-13 11:07:00+00:00,6746,4.0,720.98,56.77,31.53,0.27,15.97,29.34,32.9,1.2,0,forward
2020-12-13 12:07:00+00:00,7448,4.0,734.33,61.69,31.53,0.22,13.95,29.39,33.24,1.09,0,forward
2020-12-13 13:07:00+00:00,8218,4.0,807.76,75.1,32.22,0.12,11.92,32.0,36.43,1.39,0,forward
2020-12-13 14:07:00+00:00,8808,4.0,867.84,85.83,31.87,0.01,12.76,34.35,39.36,2.25,0,forward
2020-12-13 15:07:00+00:00,8726,4.0,934.6,100.14,31.87,0.0,14.54,38.03,43.63,3.04,0,forward
2020-12-13 16:07:00+00:00,8613,4.0,961.3,105.5,31.53,0.0,11.8,40.34,46.22,2.28,0,forward
2020-12-13 17:07:00+00:00,8787,4.0,894.55,92.98,30.16,0.0,9.3,38.04,43.4,1.6,0,forward
2020-12-13 18:07:00+00:00,8239,4.0,767.71,71.53,28.1,0.0,7.27,32.59,36.85,1.16,0,forward
2020-12-13 19:07:00+00:00,6479,4.0,674.25,54.99,26.05,0.0,5.78,27.71,31.2,0.95,0,forward
2020-12-13 20:07:00+00:00,4809,3.0,607.49,42.47,24.33,0.0,4.89,23.99,26.99,0.88,0,forward
2020-12-13 21:07:00+00:00,3645,3.0,547.41,30.85,22.96,0.0,3.79,20.5,23.03,0.83,0,forward
2020-12-13 22:07:00+00:00,2826,2.0,494.0,21.23,21.94,0.0,2.53,17.72,19.76,0.75,0,forward
2020-12-13 23:07:00+00:00,1721,2.0,473.98,16.09,21.42,0.0,2.27,16.02,17.67,0.73,0,forward
2020-12-14 00:07:00+00:00,810,2.0,453.95,13.86,20.91,0.0,2.24,14.41,15.77,0.71,0,forward
2020-12-14 01:07:00+00:00,532,2.0,427.25,12.74,20.74,0.0,2.12,11.95,13.07,0.69,0,forward
2020-12-14 02:07:00+00:00,472,1.0,397.21,12.85,20.74,0.0,2.03,9.1,10.06,0.67,0,forward
2020-12-14 03:07:00+00:00,580,1.0,373.84,13.3,21.25,0.0,2.18,7.39,8.27,0.66,0,forward
2020-12-14 04:07:00+00:00,1083,1.0,367.17,13.08,21.94,0.0,2.53,6.94,7.84,0.64,0,forward
2020-12-14 05:07:00+00:00,3015,1.0,373.84,13.3,22.96,0.0,3.34,7.18,8.23,0.68,0,forward
2020-12-14 06:07:00+00:00,6266,1.0,370.5,12.41,22.62,0.0,3.58,7.07,8.31,0.71,0,forward
2020-12-14 07:07:00+00:00,7534,1.0,357.15,10.73,21.94,0.04,3.46,6.66,8.14,0.71,0,forward
2020-12-14 08:07:00+00:00,7367,1.0,347.14,8.61,21.94,0.57,3.34,6.48,7.97,0.67,0,forward
2020-12-14 09:07:00+00:00,6912,1.0,310.42,3.1,22.28,5.81,3.07,5.41,6.52,0.48,0,forward
2020-12-14 10:07:00+00:00,6160,1.0,300.41,1.75,21.59,10.82,3.49,4.45,5.43,0.52,0,forward
2020-12-14 11:07:00+00:00,5836,1.0,293.73,1.29,21.08,13.59,3.46,3.95,4.9,0.63,0,forward
2020-12-14 12:07:00+00:00,5826,1.0,287.06,1.41,19.71,16.27,3.25,3.23,4.16,0.73,0,forward
2020-12-14 13:07:00+00:00,6031,1.0,283.72,1.38,19.19,17.17,3.22,2.83,3.83,0.74,0,forward
2020-12-14 14:07:00+00:00,6364,1.0,280.38,0.54,19.54,16.63,3.04,2.66,3.7,0.7,0,forward
2020-12-14 15:07:00+00:00,7215,1.0,280.38,0.41,20.05,15.91,3.01,2.68,3.74,0.69,0,forward
2020-12-14 16:07:00+00:00,7383,1.0,283.72,0.45,20.39,15.38,2.98,2.78,3.86,0.68,0,forward
2020-12-14 17:07:00+00:00,6996,1.0,283.72,0.45,20.56,15.38,3.04,2.95,4.09,0.68,0,forward
2020-12-14 18:07:00+00:00,6521,1.0,287.06,0.43,20.56,15.38,3.1,3.09,4.3,0.69,0,forward
2020-12-14 19:07:00+00:00,4969,1.0,283.72,0.33,20.05,16.45,3.01,3.04,4.29,0.76,0,forward
2020-12-14 20:07:00+00:00,3482,1.0,280.38,0.23,19.54,18.6,2.92,2.91,4.14,0.87,0,forward
2020-12-14 21:07:00+00:00,2544,1.0,280.38,0.18,19.36,19.67,2.8,2.99,4.22,0.91,0,forward
2020-12-14 22:07:00+00:00,2088,1.0,283.72,0.15,19.19,18.77,2.47,3.2,4.43,0.8,0,forward
2020-12-14 23:07:00+00:00,1315,1.0,290.39,0.15,19.71,17.88,2.44,3.99,5.22,0.67,0,forward
2020-12-15 00:07:00+00:00,790,1.0,297.07,0.16,20.74,17.17,2.59,4.98,6.27,0.61,0,forward
2020-12-15 01:07:00+00:00,581,1.0,307.08,0.16,21.08,17.17,2.77,6.15,7.55,0.57,0,forward
2020-12-15 02:07:00+00:00,503,1.0,313.76,0.15,21.42,17.52,3.04,7.22,8.73,0.55,0,forward
2020-12-15 03:07:00+00:00,652,1.0,320.44,0.16,21.94,17.52,3.43,8.33,9.91,0.53,0,forward
2020-12-15 04:07:00+00:00,1097,1.0,333.79,0.27,23.99,15.2,3.82,9.6,11.27,0.51,0,forward
2020-12-15 05:07:00+00:00,2767,2.0,357.15,0.89,28.79,9.84,4.47,11.02,12.83,0.52,0,forward
2020-12-15 06:07:00+00:00,6090,2.0,380.52,2.32,32.22,4.78,4.83,11.75,13.73,0.55,0,forward
2020-12-15 07:07:00+00:00,7740,2.0,393.87,3.38,32.9,2.84,4.95,11.96,14.04,0.55,0,forward
2020-12-15 08:07:00+00:00,7906,2.0,403.88,3.44,32.9,3.62,5.07,12.23,14.28,0.56,0,forward
2020-12-15 09:07:00+00:00,6974,2.0,403.88,3.27,31.53,8.05,4.83,11.98,13.91,0.63,0,forward
2020-12-15 10:07:00+00:00,6044,2.0,397.21,3.21,30.16,11.8,4.53,10.78,12.55,0.87,0,forward
2020-12-15 11:07:00+00:00,5829,1.0,373.84,2.79,27.76,16.09,4.11,8.87,10.49,1.17,0,forward
2020-12-15 12:07:00+00:00,5899,1.0,343.8,1.36,26.05,19.49,3.73,6.67,8.19,1.49,0,forward
2020-12-15 13:07:00+00:00,6219,1.0,330.45,0.61,26.05,20.39,3.73,5.48,6.98,1.77,0,forward
2020-12-15 14:07:00+00:00,6663,1.0,323.77,0.27,26.39,20.39,3.7,5.22,6.75,1.92,0,forward
2020-12-15 15:07:00+00:00,7229,1.0,323.77,0.25,27.08,19.67,3.7,5.25,6.8,1.95,0,forward
2020-12-15 16:07:00+00:00,7587,1.0,317.1,0.18,25.71,21.99,3.58,5.06,6.54,1.85,0,forward
2020-12-15 17:07:00+00:00,7304,1.0,300.41,0.09,23.31,27.18,3.52,4.66,5.96,1.62,0,forward
2020-12-15 18:07:00+00:00,6893,1.0,290.39,0.05,21.42,31.11,3.52,4.2,5.21,1.22,0,forward
2020-12-15 19:07:00+00:00,5351,1.0,287.06,0.04,20.22,32.9,3.31,3.81,4.57,0.82,0,forward
2020-12-15 20:07:00+00:00,3773,1.0,283.72,0.03,19.36,33.62,3.04,3.63,4.24,0.58,0,forward
2020-12-15 21:07:00+00:00,2761,1.0,280.38,0.03,17.82,34.33,2.59,3.55,4.05,0.46,0,forward
2020-12-15 22:07:00+00:00,2236,1.0,277.04,0.02,15.59,34.69,2.06,3.38,3.79,0.41,0,forward
2020-12-15 23:07:00+00:00,1475,1.0,277.04,0.02,14.57,32.9,1.8,3.42,3.8,0.42,0,forward
2020-12-16 00:07:00+00:00,768,1.0,277.04,0.02,13.54,30.76,1.65,3.7,4.11,0.43,0,forward
2020-12-16 01:07:00+00:00,518,1.0,277.04,0.03,12.68,28.61,1.57,4.14,4.57,0.42,0,forward
2020-12-16 02:07:00+00:00,433,1.0,280.38,0.04,12.0,26.11,1.59,4.97,5.41,0.34,0,forward
2020-12-16 03:07:00+00:00,538,1.0,283.72,0.09,12.85,20.92,1.76,5.78,6.31,0.34,0,forward
2020-12-16 04:07:00+00:00,866,1.0,293.73,0.3,14.91,13.95,2.0,6.51,7.26,0.41,0,forward
2020-12-16 05:07:00+00:00,2241,1.0,323.77,2.15,19.36,5.14,3.16,8.26,9.41,0.51,0,forward
2020-12-16 06:07:00+00:00,4877,2.0,367.17,8.49,21.25,0.53,4.59,10.5,12.14,0.63,0,forward
2020-12-16 07:07:00+00:00,6589,2.0,397.21,14.31,20.91,0.06,5.6,12.33,14.33,0.67,0,forward
2020-12-16 08:07:00+00:00,6683,2.0,403.88,15.65,21.59,0.25,6.68,13.5,15.52,0.61,0,forward
2020-12-16 09:07:00+00:00,5909,2.0,387.19,12.63,23.99,1.02,7.99,13.73,15.44,0.36,0,forward
2020-12-16 10:07:00+00:00,5056,2.0,410.56,17.21,26.73,1.12,10.13,14.37,16.17,0.44,0,forward
2020-12-16 11:07:00+00:00,4895,2.0,427.25,20.34,28.45,1.0,11.09,14.52,16.51,0.51,0,forward
2020-12-16 12:07:00+00:00,5080,2.0,427.25,22.13,26.73,1.23,10.25,14.49,16.9,0.63,0,forward
2020-12-16 13:07:00+00:00,5382,2.0,413.9,22.35,23.99,1.0,8.46,14.13,16.73,0.71,0,forward
2020-12-16 14:07:00+00:00,5760,2.0,387.19,16.99,23.65,0.21,6.56,12.56,14.92,0.66,0,forward
2020-12-16 15:07:00+00:00,6264,2.0,370.5,13.41,25.36,0.1,5.42,11.12,13.19,0.6,0,forward
2020-12-16 16:07:00+00:00,6511,2.0,350.48,9.84,24.68,0.25,4.59,10.79,12.76,0.57,0,forward
2020-12-16 17:07:00+00:00,6324,2.0,343.8,7.49,21.59,0.4,3.93,11.99,13.91,0.59,0,forward
2020-12-16 18:07:00+00:00,5914,2.0,357.15,3.86,22.28,1.83,3.64,14.01,15.98,0.42,0,forward
2020-12-16 19:07:00+00:00,4561,2.0,367.17,2.6,22.96,3.0,4.41,14.1,16.2,0.38,0,forward
2020-12-16 20:07:00+00:00,3207,2.0,363.83,1.98,22.96,4.11,4.77,13.63,15.73,0.38,0,forward
2020-12-16 21:07:00+00:00,2422,2.0,357.15,1.51,22.62,4.96,4.11,13.8,16.05,0.39,0,forward
2020-12-16 22:07:00+00:00,1977,2.0,353.81,1.01,22.96,5.72,3.22,14.3,16.69,0.4,0,forward
2020-12-16 23:07:00+00:00,1267,2.0,360.49,0.79,23.99,6.62,2.98,15.14,17.59,0.4,0,forward
2020-12-17 00:07:00+00:00,756,2.0,373.84,0.63,25.36,7.69,3.07,16.34,18.75,0.36,0,forward
2020-12-17 01:07:00+00:00,487,2.0,380.52,0.48,27.08,9.03,3.31,17.45,19.78,0.34,0,forward
2020-12-17 02:07:00+00:00,418,2.0,387.19,0.4,28.45,10.1,3.55,18.2,20.41,0.32,0,forward
2020-12-17 03:07:00+00:00,520,2.0,390.53,0.45,30.16,9.57,3.87,18.52,20.58,0.31,0,forward
2020-12-17 04:07:00+00:00,830,2.0,397.21,0.73,31.53,7.6,4.05,18.59,20.57,0.33,0,forward
2020-12-17 05:07:00+00:00,2118,2.0,403.88,1.76,33.24,4.92,4.41,18.55,20.5,0.4,0,forward
2020-12-17 06:07:00+00:00,4621,2.0,407.22,2.85,33.24,3.44,4.29,17.82,19.74,0.48,0,forward
2020-12-17 07:07:00+00:00,6395,2.0,390.53,2.6,31.53,4.11,4.05,16.1,17.89,0.5,0,forward
2020-12-17 08:07:00+00:00,6504,2.0,373.84,1.7,28.1,8.32,3.7,13.96,15.57,0.51,0,forward
2020-12-17 09:07:00+00:00,5769,2.0,350.48,1.26,23.65,16.09,3.19,11.09,12.47,0.56,0,forward
2020-12-17 10:07:00+00:00,5028,1.0,333.79,1.65,20.22,22.17,3.01,8.52,9.78,0.67,0,forward
2020-12-17 11:07:00+00:00,4813,1.0,317.1,1.62,17.82,28.25,2.89,5.8,6.92,0.78,0,forward
2020-12-17 12:07:00+00:00,4938,1.0,293.73,0.89,16.11,36.12,2.92,3.48,4.39,0.79,0,forward
2020-12-17 13:07:00+00:00,5257,1.0,290.39,0.28,16.45,38.62,3.04,2.99,3.72,0.74,0,forward
2020-12-17 14:07:00+00:00,5596,1.0,303.75,0.05,16.97,36.12,2.74,3.72,4.29,0.68,0,forward
2020-12-17 15:07:00+00:00,6112,1.0,313.76,0.03,16.62,36.12,2.33,4.34,4.79,0.63,0,forward
2020-12-17 16:07:00+00:00,6106,1.0,310.42,0.03,16.11,36.12,2.15,4.88,5.34,0.6,0,forward
2020-12-17 17:07:00+00:00,6149,1.0,313.76,0.04,16.45,33.62,2.18,5.99,6.54,0.55,0,forward
2020-12-17 18:07:00+00:00,5785,1.0,320.44,0.05,17.31,30.4,2.27,7.18,7.87,0.53,0,forward
2020-12-17 19:07:00+00:00,4693,1.0,323.77,0.07,17.65,28.25,2.3,8.04,8.88,0.47,0,forward
2020-12-17 20:07:00+00:00,3420,1.0,320.44,0.09,17.82,25.75,2.24,8.27,9.22,0.44,0,forward
2020-12-17 21:07:00+00:00,2506,1.0,313.76,0.09,17.14,23.96,1.97,8.09,9.07,0.41,0,forward
2020-12-17 22:07:00+00:00,2067,1.0,303.75,0.07,15.59,23.25,1.49,7.62,8.55,0.39,0,forward
2020-12-17 23:07:00+00:00,1379,1.0,300.41,0.07,14.91,21.82,1.33,7.39,8.3,0.39,0,forward
2020-12-18 00:07:00+00:00,796,1.0,297.07,0.08,14.4,20.74,1.24,7.27,8.18,0.4,0,forward
2020-12-18 01:07:00+00:00,527,1.0,290.39,0.08,13.88,20.39,1.24,7.12,8.05,0.4,0,forward
2020-12-18 02:07:00+00:00,488,1.0,283.72,0.08,13.37,20.92,1.27,6.96,7.89,0.4,0,forward
2020-12-18 03:07:00+00:00,558,1.0,280.38,0.08,13.02,21.64,1.33,6.8,7.75,0.4,0,forward
2020-12-18 04:07:00+00:00,851,1.0,280.38,0.12,13.37,21.28,1.48,6.86,7.83,0.41,0,forward
2020-12-18 05:07:00+00:00,2050,1.0,290.39,0.34,16.62,17.52,2.12,7.59,8.7,0.45,0,forward
2020-12-18 06:07:00+00:00,4276,1.0,307.08,0.79,20.56,12.7,2.68,8.53,9.79,0.52,0,forward
2020-12-18 07:07:00+00:00,5683,1.0,307.08,1.05,21.94,10.91,2.92,9.45,10.67,0.53,0,forward
2020-12-18 08:07:00+00:00,5893,2.0,303.75,2.32,19.19,14.13,3.01,10.31,11.52,0.49,0,forward
2020-12-18 09:07:00+00:00,5416,2.0,293.73,3.21,15.77,19.85,3.04,10.77,11.96,0.42,0,forward
2020-12-18 10:07:00+00:00,4869,2.0,287.06,3.07,16.45,21.1,3.4,10.57,11.76,0.48,0,forward
2020-12-18 11:07:00+00:00,4968,1.0,287.06,2.24,19.19,19.31,3.7,9.66,10.86,0.58,0,forward
2020-12-18 12:07:00+00:00,5510,1.0,293.73,1.48,22.28,16.09,3.87,8.76,10.03,0.63,0,forward
2020-12-18 13:07:00+00:00,5963,1.0,303.75,1.48,25.02,11.8,3.87,8.34,9.8,0.67,0,forward
2020-12-18 14:07:00+00:00,6264,1.0,307.08,1.22,26.05,9.21,3.64,8.08,9.68,0.67,0,forward
2020-12-18 15:07:00+00:00,6370,1.0,307.08,1.3,26.39,8.49,3.52,7.94,9.59,0.67,0,forward
2020-12-18 16:07:00+00:00,6143,1.0,300.41,0.98,24.68,10.82,3.34,7.68,9.29,0.64,0,forward
2020-12-18 17:07:00+00:00,5940,1.0,293.73,0.55,22.62,15.2,3.25,7.29,8.85,0.62,0,forward
2020-12-18 18:07:00+00:00,5755,1.0,287.06,0.3,21.08,20.03,3.19,6.58,8.1,0.6,0,forward
2020-12-18 19:07:00+00:00,4599,1.0,283.72,0.18,19.54,23.96,2.98,5.8,7.31,0.59,0,forward
2020-12-18 20:07:00+00:00,3284,1.0,280.38,0.13,18.68,26.46,2.83,5.55,7.04,0.58,0,forward
2020-12-18 21:07:00+00:00,2468,1.0,280.38,0.08,17.65,28.61,2.44,5.68,7.11,0.53,0,forward
2020-12-18 22:07:00+00:00,2054,1.0,273.71,0.04,16.11,31.83,1.89,6.21,7.48,0.46,0,forward
2020-12-18 23:07:00+00:00,1618,1.0,277.04,0.02,14.91,33.98,1.51,7.29,8.41,0.39,0,forward
2020-12-19 00:07:00+00:00,1153,1.0,280.38,0.01,14.91,34.33,1.43,8.33,9.37,0.36,0,forward
2020-12-19 01:07:00+00:00,728,1.0,287.06,0.02,15.08,32.9,1.46,9.34,10.39,0.34,0,forward
2020-12-19 02:07:00+00:00,550,2.0,293.73,0.02,15.42,30.76,1.55,10.68,11.77,0.31,0,forward
2020-12-19 03:07:00+00:00,500,2.0,297.07,0.03,15.25,30.04,1.7,11.71,12.77,0.28,0,forward
2020-12-19 04:07:00+00:00,557,2.0,293.73,0.03,14.57,32.19,1.86,11.74,12.72,0.31,0,forward
2020-12-19 05:07:00+00:00,918,2.0,290.39,0.04,15.08,34.33,2.27,11.98,12.93,0.35,0,forward
2020-12-19 06:07:00+00:00,1200,2.0,297.07,0.05,16.45,34.69,2.74,13.11,14.1,0.38,0,forward
2020-12-19 07:07:00+00:00,1826,2.0,300.41,0.07,17.82,34.69,3.28,14.59,15.59,0.39,0,forward
2020-12-19 08:07:00+00:00,2754,2.0,300.41,0.74,17.14,38.62,3.61,13.89,14.86,0.41,0,forward
2020-12-19 09:07:00+00:00,3729,2.0,287.06,1.61,14.74,45.06,3.52,10.7,11.6,0.48,0,forward
2020-12-19 10:07:00+00:00,4454,1.0,280.38,1.87,13.54,47.21,3.43,7.82,8.68,0.56,0,forward
2020-12-19 11:07:00+00:00,4575,1.0,280.38,1.96,13.88,45.78,3.37,6.37,7.22,0.64,0,forward
2020-12-19 12:07:00+00:00,4664,1.0,287.06,1.87,15.42,42.92,3.4,6.17,7.06,0.71,0,forward
2020-12-19 13:07:00+00:00,4969,1.0,293.73,1.23,17.65,38.62,3.37,6.55,7.51,0.69,0,forward
2020-12-19 14:07:00+00:00,4998,1.0,300.41,0.21,19.88,33.62,3.25,6.86,7.89,0.69,0,forward
2020-12-19 15:07:00+00:00,4740,1.0,307.08,0.07,21.59,29.33,3.19,7.29,8.39,0.69,0,forward
2020-12-19 16:07:00+00:00,4398,1.0,317.1,0.12,22.96,25.03,3.13,8.07,9.27,0.66,0,forward
2020-12-19 17:07:00+00:00,4318,1.0,333.79,0.2,24.33,20.92,3.16,9.28,10.63,0.64,0,forward
2020-12-19 18:07:00+00:00,4227,2.0,353.81,0.32,26.05,16.81,3.07,10.9,12.46,0.63,0,forward
2020-12-19 19:07:00+00:00,3258,2.0,373.84,0.41,27.08,13.95,2.86,12.55,14.23,0.57,0,forward
2020-12-19 20:07:00+00:00,2425,2.0,387.19,0.44,27.76,12.52,2.71,13.58,15.26,0.54,0,forward
2020-12-19 21:07:00+00:00,1876,2.0,387.19,0.32,26.73,13.59,2.41,13.99,15.55,0.52,0,forward
2020-12-19 22:07:00+00:00,1808,2.0,377.18,0.14,24.33,16.45,2.03,14.22,15.59,0.46,0,forward
2020-12-19 23:07:00+00:00,1479,2.0,370.5,0.09,22.62,18.77,1.89,14.85,16.04,0.44,0,forward
2020-12-20 00:07:00+00:00,1120,2.0,360.49,0.06,20.39,21.28,1.8,15.17,16.24,0.43,0,forward
2020-12-20 01:07:00+00:00,740,2.0,350.48,0.04,17.82,25.39,1.74,14.8,15.78,0.42,0,forward
2020-12-20 02:07:00+00:00,459,2.0,340.46,0.02,15.59,31.11,1.71,13.58,14.47,0.44,0,forward
2020-12-20 03:07:00+00:00,364,2.0,330.45,0.01,13.71,37.19,1.71,12.19,12.99,0.43,0,forward
2020-12-20 04:07:00+00:00,423,2.0,327.11,0.01,13.2,40.41,1.8,11.64,12.43,0.44,0,forward
2020-12-20 05:07:00+00:00,533,2.0,333.79,0.02,14.91,38.62,2.15,12.16,13.05,0.48,0,forward
2020-12-20 06:07:00+00:00,580,2.0,350.48,0.06,17.31,32.54,2.47,13.22,14.28,0.53,0,forward
2020-12-20 07:07:00+00:00,810,2.0,367.17,0.15,19.02,25.03,2.77,14.24,15.45,0.57,0,forward
2020-12-20 08:07:00+00:00,1415,2.0,377.18,0.53,19.36,21.28,3.1,14.41,15.68,0.63,0,forward
2020-12-20 09:07:00+00:00,2564,2.0,373.84,1.03,18.51,22.89,3.34,13.29,14.55,0.72,0,forward
2020-12-20 10:07:00+00:00,3533,2.0,357.15,1.06,18.34,26.46,3.79,11.1,12.33,0.93,0,forward
2020-12-20 11:07:00+00:00,4139,1.0,343.8,0.86,19.02,29.68,4.17,8.86,10.11,1.19,0,forward
2020-12-20 12:07:00+00:00,4577,1.0,343.8,0.7,21.59,27.54,4.53,8.04,9.41,1.43,0,forward
2020-12-20 13:07:00+00:00,5045,1.0,353.81,0.48,24.33,22.35,4.41,8.09,9.62,1.49,0,forward
2020-12-20 14:07:00+00:00,5417,1.0,360.49,0.32,26.05,18.06,4.05,8.48,10.11,1.35,0,forward
2020-12-20 15:07:00+00:00,5380,1.0,367.17,0.46,27.42,14.31,3.82,9.0,10.71,1.17,0,forward
2020-12-20 16:07:00+00:00,5323,1.0,373.84,0.66,28.45,11.62,3.79,9.72,11.49,1.06,0,forward
2020-12-20 17:07:00+00:00,5434,2.0,377.18,0.87,28.79,9.3,3.87,10.55,12.43,0.99,0,forward
2020-12-20 18:07:00+00:00,5096,2.0,383.85,1.08,28.45,7.42,3.82,11.4,13.42,0.93,0,forward
2020-12-20 19:07:00+00:00,4023,2.0,380.52,0.94,27.42,7.6,3.43,11.6,13.6,0.9,0,forward
2020-12-20 20:07:00+00:00,3000,2.0,360.49,0.43,23.99,12.7,2.74,10.79,12.48,0.86,0,forward
2020-12-20 21:07:00+00:00,2293,1.0,330.45,0.1,18.68,21.99,2.18,9.52,10.64,0.73,0,forward
2020-12-20 22:07:00+00:00,1829,1.0,313.76,0.03,15.59,28.97,1.74,8.75,9.41,0.57,0,forward
2020-12-20 23:07:00+00:00,1115,1.0,313.76,0.02,15.08,31.47,1.82,8.39,8.85,0.48,0,forward
2020-12-21 00:07:00+00:00,642,1.0,313.76,0.02,14.4,31.83,1.71,8.19,8.59,0.44,0,forward
2020-12-21 01:07:00+00:00,419,1.0,313.76,0.02,13.37,31.83,1.58,8.25,8.64,0.41,0,forward
2020-12-21 02:07:00+00:00,366,1.0,313.76,0.02,12.51,31.11,1.49,8.73,9.1,0.39,0,forward
2020-12-21 03:07:00+00:00,450,1.0,317.1,0.03,12.0,30.04,1.48,9.33,9.72,0.38,0,forward
2020-12-21 04:07:00+00:00,853,2.0,320.44,0.05,12.68,27.18,1.61,10.16,10.61,0.38,0,forward
2020-12-21 05:07:00+00:00,2395,2.0,333.79,0.19,15.77,21.82,2.15,11.17,11.77,0.42,0,forward
2020-12-21 06:07:00+00:00,4987,2.0,340.46,0.48,19.36,16.27,2.68,11.7,12.47,0.48,0,forward
2020-12-21 07:07:00+00:00,6010,2.0,340.46,0.71,20.74,13.59,2.95,11.3,12.17,0.5,0,forward
2020-12-21 08:07:00+00:00,5890,2.0,333.79,2.15,18.68,15.2,3.13,10.61,11.52,0.52,0,forward
2020-12-21 09:07:00+00:00,5516,1.0,323.77,3.74,14.91,19.31,3.01,9.79,10.71,0.53,0,forward
2020-12-21 10:07:00+00:00,4916,1.0,317.1,3.86,14.4,20.21,3.01,8.94,9.88,0.58,0,forward
2020-12-21 11:07:00+00:00,4660,1.0,313.76,3.44,15.59,18.95,3.1,8.16,9.14,0.64,0,forward
2020-12-21 12:07:00+00:00,4658,1.0,313.76,2.93,17.14,17.52,3.13,7.38,8.41,0.65,0,forward
2020-12-21 13:07:00+00:00,4832,1.0,320.44,2.49,20.05,14.48,3.31,7.14,8.29,0.65,0,forward
2020-12-21 14:07:00+00:00,5112,1.0,320.44,1.12,23.65,11.27,3.49,7.0,8.26,0.63,0,forward
2020-12-21 15:07:00+00:00,5816,1.0,323.77,0.8,25.02,11.09,3.67,7.19,8.53,0.63,0,forward
2020-12-21 16:07:00+00:00,5963,1.0,320.44,0.63,23.99,13.23,3.52,7.69,8.99,0.6,0,forward
2020-12-21 17:07:00+00:00,5651,1.0,313.76,0.42,21.08,16.45,3.13,7.98,9.18,0.59,0,forward
2020-12-21 18:07:00+00:00,5263,1.0,310.42,0.27,19.19,20.03,2.8,7.87,8.86,0.55,0,forward
2020-12-21 19:07:00+00:00,4011,1.0,307.08,0.16,18.68,22.89,2.56,7.42,8.3,0.5,0,forward
2020-12-21 20:07:00+00:00,2803,1.0,313.76,0.09,19.54,25.39,3.1,7.86,8.66,0.44,0,forward
2020-12-21 21:07:00+00:00,2044,1.0,300.41,0.02,17.65,34.69,3.67,7.2,7.9,0.42,0,forward
2020-12-21 22:07:00+00:00,1686,1.0,293.73,0.01,14.91,38.98,3.58,7.15,7.87,0.44,0,forward
2020-12-21 23:07:00+00:00,1054,1.0,297.07,0.01,13.02,40.05,3.25,6.71,7.43,0.49,0,forward
2020-12-22 00:07:00+00:00,586,1.0,293.73,0.0,11.65,41.84,2.68,4.94,5.41,0.52,0,forward
2020-12-22 01:07:00+00:00,422,1.0,277.04,0.0,9.08,46.49,1.79,2.57,2.81,0.49,0,forward
2020-12-22 02:07:00+00:00,357,1.0,270.37,0.0,7.54,50.07,1.25,1.88,2.06,0.34,0,forward
2020-12-22 03:07:00+00:00,458,1.0,273.71,0.0,8.23,47.21,1.18,2.01,2.16,0.26,0,forward
2020-12-22 04:07:00+00:00,780,1.0,267.03,0.0,8.65,45.06,1.22,1.86,2.0,0.23,0,forward
2020-12-22 05:07:00+00:00,2055,1.0,263.69,0.01,9.0,42.2,1.42,1.7,1.87,0.24,0,forward
2020-12-22 06:07:00+00:00,4582,1.0,257.02,0.01,8.74,41.13,1.52,1.31,1.5,0.26,0,forward
2020-12-22 07:07:00+00:00,5875,1.0,243.66,0.01,7.8,40.41,1.48,0.92,1.11,0.27,0,forward
2020-12-22 08:07:00+00:00,6006,1.0,226.97,0.12,6.51,38.27,1.36,0.76,0.94,0.28,0,forward
2020-12-22 09:07:00+00:00,5292,1.0,220.3,0.35,5.57,39.7,1.36,0.71,0.89,0.28,0,forward
2020-12-22 10:07:00+00:00,4571,1.0,213.62,0.49,5.74,45.06,1.73,0.76,0.93,0.27,0,forward
2020-12-22 11:07:00+00:00,4418,1.0,210.29,0.57,6.34,50.07,2.06,0.83,1.0,0.26,0,forward
2020-12-22 12:07:00+00:00,4479,1.0,210.29,0.5,7.2,50.07,2.27,0.91,1.08,0.25,0,forward
2020-12-22 13:07:00+00:00,4735,1.0,213.62,0.27,8.82,47.21,2.47,1.0,1.16,0.23,0,forward
2020-12-22 14:07:00+00:00,5100,1.0,216.96,0.04,10.88,41.84,2.74,1.16,1.32,0.21,0,forward
2020-12-22 15:07:00+00:00,5562,1.0,216.96,0.01,11.48,39.7,2.38,1.19,1.49,0.25,0,forward
2020-12-22 16:07:00+00:00,5856,1.0,211.95,0.01,11.31,38.62,2.09,1.14,1.73,0.33,0,forward
2020-12-22 17:07:00+00:00,5642,1.0,216.96,0.02,11.65,34.69,2.24,1.32,2.22,0.42,0,forward
2020-12-22 18:07:00+00:00,5332,1.0,226.97,0.05,12.34,30.04,2.5,1.6,2.74,0.48,0,forward
2020-12-22 19:07:00+00:00,4129,1.0,233.65,0.07,12.68,26.46,2.62,1.85,3.24,0.52,0,forward
2020-12-22 20:07:00+00:00,2907,1.0,240.33,0.11,13.02,24.32,2.8,2.13,3.77,0.56,0,forward
2020-12-22 21:07:00+00:00,2123,1.0,240.33,0.1,12.68,23.6,2.71,2.26,4.16,0.59,0,forward
2020-12-22 22:07:00+00:00,1723,1.0,233.65,0.06,11.14,25.03,2.47,2.17,4.38,0.59,0,forward
2020-12-22 23:07:00+00:00,1125,1.0,233.65,0.04,10.45,26.82,2.62,2.23,4.87,0.61,0,forward
2020-12-23 00:07:00+00:00,589,1.0,250.34,0.18,13.88,20.56,2.8,2.89,5.7,0.5,0,forward
2020-12-23 01:07:00+00:00,385,1.0,283.72,0.81,19.88,9.74,3.34,4.1,6.89,0.56,0,forward
2020-12-23 02:07:00+00:00,312,1.0,323.77,3.21,25.02,2.46,4.47,5.58,8.42,0.8,0,forward
2020-12-23 03:07:00+00:00,388,1.0,370.5,8.38,27.76,0.23,5.96,7.36,10.47,1.06,0,forward
2020-12-23 04:07:00+00:00,634,1.0,413.9,14.31,29.82,0.02,6.74,9.12,12.51,1.0,0,forward
2020-12-23 05:07:00+00:00,1728,2.0,487.33,25.03,32.9,0.0,9.06,11.89,15.74,1.09,0,forward
2020-12-23 06:07:00+00:00,3841,2.0,534.06,33.98,35.3,0.0,10.49,14.29,18.61,1.11,0,forward
2020-12-23 07:07:00+00:00,5225,2.0,547.41,39.34,34.62,0.01,10.49,16.01,20.64,1.01,0,forward
2020-12-23 08:07:00+00:00,5301,2.0,527.38,39.34,33.24,0.12,10.13,16.71,21.4,0.9,0,forward
2020-12-23 09:07:00+00:00,4637,2.0,400.54,15.42,35.64,1.21,8.94,11.92,15.92,0.67,0,forward
2020-12-23 10:07:00+00:00,3952,1.0,343.8,7.71,31.53,3.04,7.45,8.7,12.33,0.65,0,forward
2020-12-23 11:07:00+00:00,3829,1.0,313.76,4.08,27.76,5.72,6.44,6.55,9.89,0.66,0,forward
2020-12-23 12:07:00+00:00,3984,1.0,297.07,2.43,25.02,7.33,5.84,5.49,8.33,0.62,0,forward
2020-12-23 13:07:00+00:00,4241,1.0,287.06,2.21,23.31,5.72,5.31,5.24,7.64,0.61,0,forward
2020-12-23 14:07:00+00:00,4566,1.0,280.38,2.65,22.62,3.35,4.95,5.43,7.53,0.58,0,forward
2020-12-23 15:07:00+00:00,4993,1.0,280.38,4.3,22.28,1.4,4.77,5.78,7.52,0.55,0,forward
2020-12-23 16:07:00+00:00,5211,1.0,280.38,6.48,19.88,0.46,4.11,5.66,6.91,0.54,0,forward
2020-12-23 17:07:00+00:00,5081,1.0,280.38,7.94,16.45,0.2,3.64,4.94,5.87,0.55,0,forward
2020-12-23 18:07:00+00:00,4765,1.0,283.72,7.6,14.74,0.19,3.34,4.21,4.95,0.52,0,forward
2020-12-23 19:07:00+00:00,3667,1.0,273.71,4.97,14.91,0.82,2.92,3.38,4.01,0.45,0,forward
2020-12-23 20:07:00+00:00,2564,1.0,253.68,1.84,15.08,3.84,2.47,2.64,3.15,0.38,0,forward
2020-12-23 21:07:00+00:00,1937,1.0,243.66,0.5,15.25,9.48,2.06,2.36,2.67,0.31,0,forward
2020-12-23 22:07:00+00:00,1579,1.0,233.65,0.1,12.51,18.42,1.57,2.03,2.23,0.29,0,forward
2020-12-23 23:07:00+00:00,998,1.0,223.64,0.02,9.0,30.76,1.22,1.63,1.8,0.31,0,forward
2020-12-24 00:07:00+00:00,331,1.0,216.96,0.0,6.51,39.7,1.03,1.3,1.47,0.32,0,forward
2020-12-24 01:07:00+00:00,202,1.0,213.62,0.0,6.08,38.98,1.0,1.31,1.47,0.3,0,forward
2020-12-24 02:07:00+00:00,167,1.0,216.96,0.01,6.51,33.98,1.03,1.43,1.59,0.29,0,forward
2020-12-24 03:07:00+00:00,208,1.0,220.3,0.01,6.86,30.76,1.03,1.41,1.55,0.29,0,forward
2020-12-24 04:07:00+00:00,343,1.0,220.3,0.02,6.51,30.4,0.98,1.2,1.36,0.32,0,forward
2020-12-24 05:07:00+00:00,939,1.0,216.96,0.02,6.34,31.83,1.12,1.03,1.26,0.4,0,forward
2020-12-24 06:07:00+00:00,2101,1.0,220.3,0.01,6.17,37.91,1.34,1.0,1.37,0.48,0,forward
2020-12-24 07:07:00+00:00,2942,1.0,220.3,0.01,5.74,45.06,1.36,0.91,1.34,0.5,0,forward
2020-12-24 08:07:00+00:00,2986,1.0,216.96,0.14,5.31,47.21,1.33,0.89,1.33,0.52,0,forward
2020-12-24 09:07:00+00:00,2614,1.0,213.62,0.34,4.97,47.21,1.33,0.95,1.38,0.5,0,forward
2020-12-24 10:07:00+00:00,2260,1.0,216.96,0.38,5.48,47.21,1.54,0.86,1.17,0.38,0,forward
2020-12-24 11:07:00+00:00,2163,1.0,236.99,0.41,8.65,43.63,2.47,0.9,1.12,0.28,0,forward
2020-12-24 12:07:00+00:00,2230,1.0,257.02,0.64,13.02,25.03,2.5,1.3,1.71,0.29,0,forward
2020-12-24 13:07:00+00:00,2383,1.0,236.99,0.2,9.68,34.69,1.7,1.28,1.72,0.32,0,forward
2020-12-24 14:07:00+00:00,2551,1.0,220.3,0.01,7.37,60.08,1.43,0.7,1.06,0.32,0,forward
2020-12-24 15:07:00+00:00,2803,1.0,223.64,0.0,9.0,59.37,1.71,0.68,1.05,0.35,0,forward
2020-12-24 16:07:00+00:00,2811,1.0,233.65,0.01,10.71,46.49,2.09,0.94,1.4,0.37,0,forward
2020-12-24 17:07:00+00:00,2849,1.0,236.99,0.02,11.31,40.77,2.3,1.36,1.95,0.39,0,forward
2020-12-24 18:07:00+00:00,2697,1.0,243.66,0.03,11.65,39.34,2.47,1.83,2.61,0.43,0,forward
2020-12-24 19:07:00+00:00,2179,1.0,250.34,0.04,12.51,35.41,2.62,2.51,3.45,0.47,0,forward
2020-12-24 20:07:00+00:00,1583,1.0,260.35,0.07,13.71,30.4,2.74,3.7,4.69,0.47,0,forward
2020-12-24 21:07:00+00:00,1160,1.0,263.69,0.09,14.22,26.46,2.65,5.3,6.33,0.45,0,forward
2020-12-24 22:07:00+00:00,953,1.0,263.69,0.06,13.71,25.03,2.35,6.58,7.66,0.41,0,forward
2020-12-24 23:07:00+00:00,628,1.0,260.35,0.05,12.68,26.11,2.33,6.53,7.66,0.38,0,forward
2020-12-25 00:07:00+00:00,817,1.0,247.0,0.02,9.94,32.19,2.24,4.51,5.46,0.35,0,forward
2020-12-25 01:07:00+00:00,537,1.0,236.99,0.01,8.4,37.19,2.18,3.04,3.82,0.34,0,forward
2020-12-25 02:07:00+00:00,333,1.0,236.99,0.01,7.88,40.77,2.27,2.42,3.12,0.33,0,forward
2020-12-25 03:07:00+00:00,260,1.0,233.65,0.01,7.71,44.35,2.33,2.02,2.68,0.34,0,forward
2020-12-25 04:07:00+00:00,304,1.0,233.65,0.01,8.05,46.49,2.44,1.98,2.61,0.36,0,forward
2020-12-25 05:07:00+00:00,381,1.0,243.66,0.02,10.8,43.99,2.98,2.61,3.34,0.42,0,forward
2020-12-25 06:07:00+00:00,411,1.0,257.02,0.03,13.71,40.41,3.55,3.33,4.13,0.46,0,forward
2020-12-25 07:07:00+00:00,573,1.0,257.02,0.03,12.85,41.49,3.31,3.2,4.01,0.46,0,forward
2020-12-25 08:07:00+00:00,1010,1.0,247.0,0.04,10.2,47.21,2.77,2.21,2.89,0.46,0,forward
2020-12-25 09:07:00+00:00,1841,1.0,233.65,0.12,7.71,53.64,2.24,1.14,1.68,0.46,0,forward
2020-12-25 10:07:00+00:00,2544,1.0,230.31,0.22,6.51,57.94,2.0,0.61,1.07,0.46,0,forward
2020-12-25 11:07:00+00:00,2988,1.0,226.97,0.29,5.91,60.08,1.85,0.53,0.98,0.48,0,forward
2020-12-25 12:07:00+00:00,3313,1.0,230.31,0.28,6.77,60.8,2.0,0.7,1.24,0.59,0,forward
2020-12-25 13:07:00+00:00,3668,1.0,236.99,0.16,9.17,59.37,2.47,1.13,1.86,0.74,0,forward
2020-12-25 14:07:00+00:00,3947,1.0,240.33,0.02,11.14,56.51,2.71,1.35,2.25,0.89,0,forward
2020-12-25 15:07:00+00:00,3934,1.0,243.66,0.01,12.51,55.08,2.8,1.39,2.42,0.96,0,forward
2020-12-25 16:07:00+00:00,3901,1.0,243.66,0.01,12.17,55.08,2.59,1.31,2.49,0.88,0,forward
2020-12-25 17:07:00+00:00,3997,1.0,243.66,0.01,11.82,55.08,2.56,1.37,2.82,0.74,0,forward
2020-12-25 18:07:00+00:00,3748,1.0,250.34,0.01,12.0,52.93,2.74,2.06,3.86,0.66,0,forward
2020-12-25 19:07:00+00:00,2964,1.0,250.34,0.01,12.0,49.35,2.68,3.36,5.41,0.61,0,forward
2020-12-25 20:07:00+00:00,2198,1.0,253.68,0.01,12.0,47.92,2.62,4.48,6.66,0.59,0,forward
2020-12-25 21:07:00+00:00,1653,1.0,257.02,0.01,12.0,46.49,2.59,5.31,7.64,0.53,0,forward
2020-12-25 22:07:00+00:00,1251,1.0,260.35,0.01,12.85,42.56,2.59,6.73,9.2,0.52,0,forward
2020-12-25 23:07:00+00:00,767,1.0,263.69,0.01,13.88,39.34,3.55,8.65,11.08,1.27,0,forward
2020-12-26 00:07:00+00:00,857,1.0,260.35,0.0,13.54,38.98,4.65,9.69,11.92,2.76,0,forward
2020-12-26 01:07:00+00:00,567,1.0,250.34,0.0,11.65,41.49,4.59,8.98,10.93,3.26,0,forward
2020-12-26 02:07:00+00:00,352,1.0,243.66,0.0,9.68,45.42,3.7,7.76,9.36,2.47,0,forward
2020-12-26 03:07:00+00:00,279,1.0,236.99,0.0,8.57,48.64,3.55,6.94,8.28,2.82,0,forward
2020-12-26 04:07:00+00:00,324,1.0,233.65,0.0,8.23,50.78,3.28,6.67,7.8,3.61,0,forward
2020-12-26 05:07:00+00:00,406,1.0,247.0,0.01,10.2,48.64,3.22,6.74,7.7,3.8,0,forward
2020-12-26 06:07:00+00:00,439,1.0,267.03,0.02,14.4,43.27,4.29,8.49,9.44,3.99,0,forward
2020-12-26 07:07:00+00:00,611,2.0,280.38,0.03,17.14,39.34,5.19,10.35,11.41,4.05,0,forward
2020-12-26 08:07:00+00:00,1071,2.0,277.04,0.07,16.11,40.77,4.77,10.11,11.18,3.64,0,forward
2020-12-26 09:07:00+00:00,1945,1.0,257.02,0.1,12.17,48.64,3.07,7.49,8.39,1.81,0,forward
2020-12-26 10:07:00+00:00,2677,1.0,243.66,0.09,10.28,52.93,2.44,5.49,6.29,1.12,0,forward
2020-12-26 11:07:00+00:00,3141,1.0,240.33,0.07,10.28,51.5,2.21,5.15,5.98,0.9,0,forward
2020-12-26 12:07:00+00:00,3482,1.0,247.0,0.07,11.14,47.92,2.18,5.78,6.66,0.71,0,forward
2020-12-26 13:07:00+00:00,3849,1.0,253.68,0.07,13.88,41.84,2.5,6.83,7.71,0.61,0,forward
2020-12-26 14:07:00+00:00,4145,1.0,260.35,0.03,15.94,38.27,2.74,7.73,8.59,0.59,0,forward
2020-12-26 15:07:00+00:00,4130,1.0,263.69,0.02,16.62,37.91,2.83,9.04,10.03,0.55,0,forward
2020-12-26 16:07:00+00:00,4097,2.0,273.71,0.01,16.97,38.98,2.53,10.01,11.2,0.49,0,forward
2020-12-26 17:07:00+00:00,4195,1.0,273.71,0.01,16.45,41.13,2.27,9.62,10.82,0.41,0,forward
2020-12-26 18:07:00+00:00,3934,1.0,267.03,0.01,15.25,43.99,2.41,8.86,10.06,0.36,0,forward
2020-12-26 19:07:00+00:00,3115,1.0,257.02,0.0,12.85,50.78,2.21,7.81,8.94,0.37,0,forward
2020-12-26 20:07:00+00:00,2315,1.0,247.0,0.0,10.71,56.51,2.18,6.8,7.76,0.42,0,forward
2020-12-26 21:07:00+00:00,1739,1.0,240.33,0.0,9.34,59.37,2.24,6.22,7.04,0.44,0,forward
2020-12-26 22:07:00+00:00,1319,1.0,240.33,0.0,8.4,59.37,2.27,6.21,7.0,0.43,0,forward
2020-12-26 23:07:00+00:00,811,1.0,243.66,0.0,8.57,57.94,2.44,6.9,7.75,0.4,0,forward
2020-12-27 00:07:00+00:00,746,1.0,243.66,0.0,8.23,57.94,2.35,7.19,8.01,0.41,0,forward
2020-12-27 01:07:00+00:00,491,1.0,240.33,0.0,6.94,60.8,1.97,6.39,7.09,0.46,0,forward
2020-12-27 02:07:00+00:00,305,1.0,233.65,0.0,5.57,65.8,1.62,4.94,5.51,0.54,0,forward
2020-12-27 03:07:00+00:00,243,1.0,226.97,0.0,4.76,71.53,1.48,3.85,4.33,0.62,0,forward
2020-12-27 04:07:00+00:00,281,1.0,226.97,0.0,4.76,73.67,1.48,3.8,4.26,0.71,0,forward
2020-12-27 05:07:00+00:00,354,1.0,233.65,0.0,5.91,71.53,1.77,4.63,5.13,0.9,0,forward
2020-12-27 06:07:00+00:00,386,1.0,236.99,0.0,6.77,70.81,2.12,4.67,5.16,1.17,0,forward
2020-12-27 07:07:00+00:00,537,1.0,233.65,0.0,6.26,73.67,2.03,3.87,4.31,1.46,0,forward
2020-12-27 08:07:00+00:00,937,1.0,230.31,0.0,5.83,77.96,1.8,3.49,3.91,1.65,0,forward
2020-12-27 09:07:00+00:00,1701,2.0,226.97,0.01,6.17,80.82,1.82,3.26,3.68,1.77,0,forward
2020-12-27 10:07:00+00:00,2345,1.0,230.31,0.01,7.54,77.25,2.21,3.54,4.0,1.88,0,forward
2020-12-27 11:07:00+00:00,2749,1.0,233.65,0.02,8.82,71.53,2.68,3.72,4.23,2.01,0,forward
2020-12-27 12:07:00+00:00,3044,1.0,230.31,0.02,9.17,67.23,3.37,3.75,4.3,2.22,0,forward
2020-12-27 13:07:00+00:00,3358,1.0,230.31,0.01,9.25,64.37,3.93,3.67,4.25,2.22,0,forward
2020-12-27 14:07:00+00:00,3608,1.0,230.31,0.0,9.25,65.09,4.35,3.15,3.75,2.01,0,forward
2020-12-27 15:07:00+00:00,3589,1.0,236.99,0.0,10.2,66.52,4.89,3.0,3.75,1.93,0,forward
2020-12-27 16:07:00+00:00,3554,1.0,240.33,0.0,10.63,67.23,4.77,2.78,3.69,1.9,0,forward
2020-12-27 17:07:00+00:00,3633,1.0,247.0,0.0,11.14,62.94,4.53,2.62,3.71,2.0,0,forward
2020-12-27 18:07:00+00:00,3408,1.0,260.35,0.0,12.34,55.79,4.47,3.0,4.14,2.06,0,forward
2020-12-27 19:07:00+00:00,2693,1.0,263.69,0.0,12.34,52.93,4.29,3.18,4.24,1.98,0,forward
2020-12-27 20:07:00+00:00,2005,1.0,260.35,0.0,11.82,53.64,4.35,3.33,4.37,1.9,0,forward
2020-12-27 21:07:00+00:00,1530,1.0,257.02,0.0,11.14,52.93,4.29,3.49,4.5,1.85,0,forward
2020-12-27 22:07:00+00:00,1208,1.0,250.34,0.0,9.17,52.93,3.67,3.22,4.12,1.74,0,forward
2020-12-27 23:07:00+00:00,741,1.0,253.68,0.0,8.4,50.78,3.31,3.17,3.98,1.58,0,forward
2020-12-28 00:07:00+00:00,396,1.0,260.35,0.01,8.31,43.63,3.1,3.92,4.73,1.36,0,forward
2020-12-28 01:07:00+00:00,255,1.0,273.71,0.02,9.08,36.12,3.16,4.48,5.33,1.06,0,forward
2020-12-28 02:07:00+00:00,220,1.0,280.38,0.04,9.77,32.19,3.37,4.51,5.38,0.82,0,forward
2020-12-28 03:07:00+00:00,273,1.0,283.72,0.05,10.45,30.76,3.67,4.45,5.32,0.68,0,forward
2020-12-28 04:07:00+00:00,519,1.0,287.06,0.06,10.97,30.4,3.82,4.38,5.26,0.65,0,forward
2020-12-28 05:07:00+00:00,1487,1.0,293.73,0.1,12.85,28.97,4.11,4.35,5.28,0.66,0,forward
2020-12-28 06:07:00+00:00,3124,1.0,300.41,0.15,14.74,27.54,4.29,4.19,5.2,0.68,0,forward
2020-12-28 07:07:00+00:00,3762,1.0,300.41,0.17,15.94,26.82,4.35,3.88,4.97,0.75,0,forward
2020-12-28 08:07:00+00:00,3674,1.0,300.41,0.25,16.28,26.46,4.53,3.44,4.6,0.83,0,forward
2020-12-28 09:07:00+00:00,3428,1.0,297.07,0.59,16.45,26.46,4.65,3.09,4.35,0.94,0,forward
2020-12-28 10:07:00+00:00,3047,1.0,297.07,0.92,17.82,26.11,5.13,3.07,4.42,1.14,0,forward
2020-12-28 11:07:00+00:00,2883,1.0,297.07,1.17,19.71,25.75,5.72,3.21,4.71,1.39,0,forward
2020-12-28 12:07:00+00:00,2883,1.0,310.42,1.77,22.96,23.25,6.62,3.55,5.26,1.66,0,forward
2020-12-28 13:07:00+00:00,2996,1.0,323.77,1.51,26.73,17.17,6.68,3.74,5.69,1.77,0,forward
2020-12-28 14:07:00+00:00,3175,1.0,327.11,0.91,28.1,13.23,5.9,3.37,5.4,1.63,0,forward
2020-12-28 15:07:00+00:00,3622,1.0,330.45,0.87,27.76,11.8,5.25,3.11,5.01,1.38,0,forward
2020-12-28 16:07:00+00:00,3719,1.0,327.11,0.75,26.39,13.23,4.71,2.99,4.72,1.17,0,forward
2020-12-28 17:07:00+00:00,3536,1.0,320.44,0.47,25.02,17.35,4.59,2.97,4.6,1.0,0,forward
2020-12-28 18:07:00+00:00,3302,1.0,320.44,0.35,26.39,19.85,5.36,3.27,4.71,0.82,0,forward
2020-12-28 19:07:00+00:00,2511,1.0,337.12,0.53,31.87,15.91,6.56,4.11,5.45,0.71,0,forward
2020-12-28 20:07:00+00:00,1751,1.0,363.83,1.1,37.36,10.01,7.75,5.36,6.73,0.69,0,forward
2020-12-28 21:07:00+00:00,1278,2.0,383.85,1.82,40.44,5.63,8.23,6.42,7.79,0.67,0,forward
2020-12-28 22:07:00+00:00,1048,1.0,373.84,1.37,38.39,5.59,7.27,6.43,7.69,0.59,0,forward
2020-12-28 23:07:00+00:00,652,1.0,353.81,0.75,32.9,8.58,6.38,6.04,7.14,0.55,0,forward
2020-12-29 00:07:00+00:00,507,1.0,333.79,0.35,26.39,13.41,5.72,5.57,6.48,0.52,0,forward
2020-12-29 01:07:00+00:00,308,1.0,320.44,0.24,21.42,16.27,4.77,5.23,5.96,0.48,0,forward
2020-12-29 02:07:00+00:00,328,1.0,323.77,0.24,19.54,16.09,4.11,5.68,6.28,0.46,0,forward
2020-12-29 03:07:00+00:00,456,1.0,333.79,0.26,21.42,15.38,3.55,7.63,8.24,0.44,0,forward
2020-12-29 04:07:00+00:00,729,1.0,340.46,0.22,22.96,17.17,2.8,9.21,9.87,0.42,0,forward
2020-12-29 05:07:00+00:00,1366,1.0,340.46,0.29,22.96,18.6,2.68,9.4,10.14,0.45,0,forward
2020-12-29 06:07:00+00:00,1960,1.0,337.12,0.31,22.62,20.39,2.95,8.8,9.69,0.49,0,forward
2020-12-29 07:07:00+00:00,2440,1.0,330.45,0.24,22.28,23.6,3.22,8.26,9.26,0.52,0,forward
2020-12-29 08:07:00+00:00,2888,1.0,320.44,0.68,20.22,27.9,3.31,7.33,8.35,0.59,0,forward
2020-12-29 09:07:00+00:00,3457,1.0,310.42,0.87,18.17,31.83,3.13,5.57,6.53,0.67,0,forward
2020-12-29 10:07:00+00:00,4328,1.0,303.75,0.94,17.99,33.26,3.19,3.89,4.78,0.74,0,forward
2020-12-29 11:07:00+00:00,4973,1.0,300.41,0.73,18.17,35.05,3.31,2.68,3.49,0.86,0,forward
2020-12-29 12:07:00+00:00,5151,1.0,283.72,0.27,15.25,42.2,2.98,1.31,1.86,0.78,0,forward
2020-12-29 13:07:00+00:00,5604,1.0,273.71,0.1,13.71,44.35,2.83,1.03,1.43,0.59,0,forward
2020-12-29 14:07:00+00:00,5543,1.0,267.03,0.03,12.85,43.27,2.44,1.02,1.35,0.46,0,forward
2020-12-29 15:07:00+00:00,5538,1.0,267.03,0.02,12.68,40.77,2.12,1.08,1.4,0.44,0,forward
2020-12-29 16:07:00+00:00,5058,1.0,270.37,0.03,13.54,37.19,2.06,1.35,1.7,0.46,0,forward
2020-12-29 17:07:00+00:00,4570,1.0,277.04,0.05,15.25,32.9,2.18,2.11,2.54,0.45,0,forward
2020-12-29 18:07:00+00:00,3471,1.0,290.39,0.08,17.99,27.9,2.38,3.05,3.54,0.43,0,forward
2020-12-29 19:07:00+00:00,2552,1.0,290.39,0.08,18.85,26.11,2.68,3.29,3.8,0.42,0,forward
2020-12-29 20:07:00+00:00,1916,1.0,283.72,0.06,17.14,27.54,2.35,2.95,3.46,0.44,0,forward
2020-12-29 21:07:00+00:00,1555,1.0,280.38,0.05,15.94,27.9,2.06,2.77,3.27,0.44,0,forward
2020-12-29 22:07:00+00:00,1095,1.0,283.72,0.05,16.79,25.75,1.94,3.09,3.6,0.4,0,forward
2020-12-29 23:07:00+00:00,622,1.0,290.39,0.06,18.17,23.6,2.06,3.6,4.14,0.39,0,forward
2020-12-30 00:07:00+00:00,483,1.0,293.73,0.07,18.17,22.89,2.12,3.95,4.51,0.37,0,forward
2020-12-30 01:07:00+00:00,337,1.0,290.39,0.06,16.79,24.32,2.12,3.97,4.52,0.37,0,forward
2020-12-30 02:07:00+00:00,388,1.0,280.38,0.04,14.74,26.82,2.0,3.59,4.14,0.39,0,forward
2020-12-30 03:07:00+00:00,405,1.0,270.37,0.04,13.2,28.25,1.97,3.25,3.81,0.41,0,forward
2020-12-30 04:07:00+00:00,677,1.0,267.03,0.07,13.2,27.18,2.09,3.25,3.85,0.44,0,forward
2020-12-30 05:07:00+00:00,1377,1.0,277.04,0.18,15.77,23.6,2.59,3.74,4.47,0.5,0,forward
2020-12-30 06:07:00+00:00,1882,1.0,290.39,0.41,19.02,18.95,3.16,4.4,5.31,0.71,0,forward
2020-12-30 07:07:00+00:00,2278,1.0,293.73,0.55,20.39,16.63,3.46,4.87,5.88,0.74,0,forward
2020-12-30 08:07:00+00:00,2802,1.0,297.07,1.55,19.36,17.7,3.7,5.33,6.37,0.77,0,forward
2020-12-30 09:07:00+00:00,3385,1.0,297.07,2.77,17.31,20.74,3.7,5.69,6.72,0.75,0,forward
2020-12-30 10:07:00+00:00,4337,1.0,297.07,2.91,17.99,20.92,3.67,5.87,6.87,0.71,0,forward
2020-12-30 11:07:00+00:00,5216,1.0,300.41,2.21,20.39,18.95,3.58,5.63,6.55,0.67,0,forward
2020-12-30 12:07:00+00:00,5611,1.0,300.41,1.34,21.76,17.7,3.4,4.88,5.64,0.59,0,forward
2020-12-30 13:07:00+00:00,5879,1.0,307.08,1.09,22.96,15.56,3.34,4.53,5.26,0.59,0,forward
2020-12-30 14:07:00+00:00,5856,1.0,310.42,0.72,24.33,13.23,3.19,4.21,4.95,0.61,0,forward
2020-12-30 15:07:00+00:00,5691,1.0,313.76,0.79,24.68,11.18,3.07,3.88,4.61,0.61,0,forward
2020-12-30 16:07:00+00:00,5437,1.0,317.1,0.89,24.33,10.19,2.83,3.57,4.3,0.61,0,forward
2020-12-30 17:07:00+00:00,4744,1.0,317.1,0.91,23.31,9.92,2.71,3.69,4.4,0.59,0,forward
2020-12-30 18:07:00+00:00,3644,1.0,320.44,0.91,23.31,9.57,2.65,4.12,4.83,0.55,0,forward
2020-12-30 19:07:00+00:00,2835,1.0,320.44,0.86,23.31,9.12,2.53,4.45,5.16,0.52,0,forward
2020-12-30 20:07:00+00:00,2085,1.0,317.1,0.85,23.65,8.76,2.44,4.51,5.2,0.5,0,forward
2020-12-30 21:07:00+00:00,1625,1.0,310.42,0.67,23.65,9.12,2.18,4.29,4.93,0.47,0,forward
2020-12-30 22:07:00+00:00,1101,1.0,300.41,0.36,21.94,10.64,1.76,3.98,4.52,0.43,0,forward
2020-12-30 23:07:00+00:00,719,1.0,290.39,0.24,20.39,12.52,1.64,3.87,4.36,0.41,0,forward
2020-12-31 00:07:00+00:00,506,1.0,283.72,0.17,18.51,14.48,1.54,3.72,4.14,0.38,0,forward
2020-12-31 01:07:00+00:00,344,1.0,280.38,0.16,17.31,15.38,1.49,3.72,4.11,0.37,0,forward
2020-12-31 02:07:00+00:00,311,1.0,277.04,0.16,16.62,15.91,1.48,3.93,4.33,0.36,0,forward
2020-12-31 03:07:00+00:00,283,1.0,277.04,0.18,16.28,15.91,1.52,4.37,4.8,0.37,0,forward
2020-12-31 04:07:00+00:00,462,1.0,280.38,0.23,16.62,15.74,1.65,5.16,5.7,0.38,0,forward
2020-12-31 05:07:00+00:00,831,1.0,293.73,0.5,18.85,13.77,2.18,6.35,7.11,0.43,0,forward
2020-12-31 06:07:00+00:00,823,1.0,307.08,0.94,21.94,10.82,2.74,7.46,8.44,0.49,0,forward
2020-12-31 07:07:00+00:00,1006,1.0,313.76,1.2,23.65,9.03,3.1,8.02,9.13,0.52,0,forward
2020-12-31 08:07:00+00:00,1387,1.0,310.42,1.63,22.96,9.74,3.49,7.97,9.11,0.57,0,forward
2020-12-31 09:07:00+00:00,1858,1.0,307.08,2.52,20.22,13.05,3.64,7.44,8.54,0.62,0,forward
2020-12-31 10:07:00+00:00,2737,1.0,307.08,3.1,19.02,15.2,3.76,7.08,8.18,0.63,0,forward
2020-12-31 11:07:00+00:00,3286,1.0,307.08,3.16,18.85,16.63,3.76,6.67,7.72,0.63,0,forward
2020-12-31 12:07:00+00:00,3802,1.0,307.08,2.65,19.36,18.42,3.87,6.29,7.26,0.6,0,forward
2020-12-31 13:07:00+00:00,4016,1.0,313.76,1.93,22.62,15.56,4.05,6.22,7.31,0.65,0,forward
2020-12-31 14:07:00+00:00,4045,1.0,320.44,1.08,25.02,12.34,3.99,6.0,7.21,0.69,0,forward
2020-12-31 15:07:00+00:00,3844,1.0,327.11,0.92,25.36,11.44,3.79,5.59,6.88,0.73,0,forward
2020-12-31 16:07:00+00:00,3490,1.0,323.77,0.85,24.33,12.34,3.46,5.17,6.49,0.74,0,forward
2020-12-31 17:07:00+00:00,2791,1.0,327.11,0.88,24.68,12.16,3.43,5.39,6.8,0.72,0,forward
2020-12-31 18:07:00+00:00,2149,1.0,340.46,1.22,26.73,9.3,3.82,6.59,8.19,0.71,0,forward
2020-12-31 19:07:00+00:00,1460,1.0,347.14,1.59,29.47,6.44,4.77,8.19,10.09,0.66,0,forward
2020-12-31 20:07:00+00:00,961,1.0,343.8,1.75,30.5,5.45,5.6,8.86,10.91,0.63,0,forward
2020-12-31 21:07:00+00:00,734,1.0,333.79,1.29,29.13,6.44,5.54,8.54,10.47,0.63,0,forward
2020-12-31 22:07:00+00:00,537,1.0,323.77,0.64,26.39,8.85,4.89,8.02,9.71,0.63,0,forward
