year,station_number,city,latitude,longitude,location_name
2023,5262,duesseldorf,51.12716627228275,6.696760867608083,B477: Gohr (5262)
2023,3625,berlin,52.58338687919949,13.588694289914972,B158: Ahrensfelde (3625)
2023,2066,berlin,52.4037763714793,13.35457539118676,B101: Marienfelde (2066)
2023,3718,berlin,52.39052139573608,13.339989214654144,B101: Heinersdorf (3718)
2023,3717,berlin,52.36522873449697,13.439652082235648,B96a: Mahlow 2 (3717)
2023,2063,berlin,52.62505795012201,13.38543295159652,B96a: Blankenfelde (2063)
2023,5031,duesseldorf,51.23320143507827,6.71503375374037,B7: Düsseldorf-Heerdt (5031)
2023,2062,berlin,52.528941872025655,13.120796431724969,B5: Staaken (2062)
2023,2065,berlin,52.58580088036836,13.484552384496089,B2: Malchow (2065)
2023,3632,berlin,52.495951578811024,13.76420368944353,B1: Vogelsdorf (3632)
2023,2061,berlin,52.41877799841501,13.181055042492916,B1: Nikolassee (2061)
2023,2064,berlin,52.50353751962765,13.62684779846323,B1: Mahlsdorf (2064)
2023,5086,cologne,50.90870970349409,7.043622283855298,A559: Gremberghoven (5086)
2023,5036,cologne,50.83850576378066,6.966394680178198,A555: Godorf (5036)
2023,2002,berlin,52.493210348835824,13.265711145719067,A115: Eichkamp (2002)
2023,3615,berlin,52.40199742820371,13.186952482194085,A115: Drewitz (3615)
2023,2011,berlin,52.61889596335338,13.437974306648687,A114: Buchholz (2011)
2023,2013,berlin,52.402170649125125,13.520712560288283,A113: Schönefeld (2013)
2023,2012,berlin,52.45860546867578,13.458188786355668,A113: Neukölln (2012)
2023,3631,berlin,52.351146017271084,13.552977288774507,A113: Kiekebusch (3631)
2023,2008,berlin,52.549168131909205,13.301488055136645,A111: Reinickendorf (S) (2008)
2023,2010,berlin,52.62270773391431,13.248465614134682,A111: Heiligensee 2 (2010)
2023,2004,berlin,52.46669209688489,13.337223698487135,A103: Friedenau (O) (2004)
2023,2005,berlin,52.51976892106391,13.282608554265298,A100: Westend (O) (2005)
2023,2003,berlin,52.49725410221179,13.282996302434237,A100: Halensee (2003)
2023,2006,berlin,52.477888412601544,13.324107638586707,A100: Friedenau (N) (2006)
2023,2014,berlin,52.460907178478145,13.412730661217964,A100: Britz (2014)
2023,5089,cologne,50.89318839823646,7.090431653490383,A59: Flughafen Köln/Bonn (5089)
2023,5090,duesseldorf,51.13328352500463,6.908814019135423,A59: Düsseldorf-Urdenbach (5090)
2023,5674,cologne,50.914330633753394,7.065196047864014,A59: AK Heumar (Flughfn.) (5674)
2023,5670,duesseldorf,51.1764203125929,6.701531913083682,A57: Neuss-Selikum (5670)
2023,5014,duesseldorf,51.17425651198109,6.715488991346401,A57: Neuss-Erfttal-West (5014)
2023,5030,duesseldorf,51.18261464998393,6.711040279265354,A57: Neuss-Augustinusviertel (5030)
2023,5087,cologne,50.98805802119434,6.902524447224123,A57: Köln-Longerich (5087)
2023,5061,duesseldorf,51.13004412847727,6.791355087689313,A57: AK Neuss-Süd (S) (5061)
2023,5601,duesseldorf,51.1645363683979,6.741988806524878,A57: AK Neuss-Süd (N) (5601)
2023,5027,duesseldorf,51.338787582114385,6.847510723187301,A52: Lintorf (5027)
2023,5040,duesseldorf,51.17116386109854,6.775255978447398,A46: Düsseldorf-Flehe (5040)
2023,5686,duesseldorf,51.16059092755499,6.762720554106132,A46: AK Neuss Süd (O) (5686)
2023,5097,duesseldorf,51.283971506470756,6.805789766326522,A44: Ratingen-Schwarzbach (5097)
2023,3629,berlin,52.64129589003296,13.566839338784597,A11: Birkholz (3629)
2023,3606,berlin,52.70570296340425,13.161538160973477,A10: Oranienburg (3606)
2023,3667,berlin,52.616320397861806,13.524676647232791,A10: Lindenberg (3667)
2023,3602,berlin,52.42549076836553,13.786982344079506,A10: Erkner (3602)
2023,5049,cologne,50.89416396911358,6.9842636989027405,A4: Rheinbr. Rodenkirchen (5049)
2023,5053,cologne,50.92067225266824,6.860180801167724,A4: Köln-Klettenberg (5053)
2023,5021,cologne,50.919312048334625,7.041939707800889,A4: AD Heumar (W) (5021)
2023,5004,cologne,51.003959315578506,7.014187885327033,A3: Leverkusen (5004)
2023,5655,duesseldorf,51.21862096800785,6.922333662058056,A3: AK Hilden (N) (5655)
2023,5065,duesseldorf,51.34676201175752,6.8630773391520545,A3: AK Breitscheid (S) (5065)
2023,5673,cologne,50.91849352152484,7.091344993406769,A3: AD Heumar (S) (5673)
2023,5672,cologne,50.934612031293234,7.049025519132989,A3: AD Heumar (N) (5672)
2023,5048,cologne,51.0082418910589,6.911664138150934,A1: Köln-Nord (5048)
2023,5032,cologne,50.95672165093015,6.8504935061826435,A1: Köln-Lövenich (5032)
2023,5010,cologne,50.83880562098313,6.797652427231819,A1: Hürth (5010)
2022,5262,duesseldorf,51.12716627228275,6.696760867608083,B477: Gohr (5262)
2022,3625,berlin,52.58338687919949,13.588694289914972,B158: Ahrensfelde (3625)
2022,2066,berlin,52.4037763714793,13.35457539118676,B101: Marienfelde (2066)
2022,3718,berlin,52.39072738241497,13.340259451882503,B101n: Heinersdorf (3718)
2022,3717,berlin,52.36522873449697,13.439652082235648,B96a: Mahlow 2 (3717)
2022,2063,berlin,52.62505795012201,13.38543295159652,B96a: Blankenfelde (2063)
2022,5031,duesseldorf,51.23320143507827,6.71503375374037,B7: Düsseldorf-Heerdt (5031)
2022,2062,berlin,52.528941872025655,13.120796431724969,B5: Staaken (2062)
2022,2065,berlin,52.58580088036836,13.484552384496089,B2: Malchow (2065)
2022,3632,berlin,52.495951578811024,13.76420368944353,B1: Vogelsdorf (3632)
2022,2061,berlin,52.41877799841501,13.181055042492916,B1: Nikolassee (2061)
2022,2064,berlin,52.50353751962765,13.62684779846323,B1: Mahlsdorf (2064)
2022,5086,cologne,50.90870970349409,7.043622283855298,A559: Gremberghoven (5086)
2022,5036,cologne,50.83850576378066,6.966394680178198,A555: Godorf (5036)
2022,2002,berlin,52.493210348835824,13.265711145719067,A115: Eichkamp (2002)
2022,3615,berlin,52.40199742820371,13.186952482194085,A115: Drewitz (3615)
2022,2011,berlin,52.61889596335338,13.437974306648687,A114: Buchholz (2011)
2022,2013,berlin,52.402170649125125,13.520712560288283,A113: Schönefeld (2013)
2022,2012,berlin,52.45860546867578,13.458188786355668,A113: Neukölln (2012)
2022,3631,berlin,52.351146017271084,13.552977288774507,A113: Kiekebusch (3631)
2022,2008,berlin,52.549168131909205,13.301488055136645,A111: Reinickendorf (S) (2008)
2022,2010,berlin,52.62270773391431,13.248465614134682,A111: Heiligensee 2 (2010)
2022,2004,berlin,52.46669209688489,13.337223698487135,A103: Friedenau (O) (2004)
2022,2005,berlin,52.51976892106391,13.282608554265298,A100: Westend (O) (2005)
2022,2003,berlin,52.49725410221179,13.282996302434237,A100: Halensee (2003)
2022,2006,berlin,52.477888412601544,13.324107638586707,A100: Friedenau (N) (2006)
2022,2014,berlin,52.460907178478145,13.412730661217964,A100: Britz (2014)
2022,5089,cologne,50.89318839823646,7.090431653490383,A59: Flughafen Köln/Bonn (5089)
2022,5090,duesseldorf,51.13328352500463,6.908814019135423,A59: Düsseldorf-Urdenbach (5090)
2022,5674,cologne,50.914330633753394,7.065196047864014,A59: AK Heumar (Flughfn.) (5674)
2022,5670,duesseldorf,51.1764203125929,6.701531913083682,A57: Neuss-Selikum (5670)
2022,5014,duesseldorf,51.17425651198109,6.715488991346401,A57: Neuss-Erfttal-West (5014)
2022,5030,duesseldorf,51.18261464998393,6.711040279265354,A57: Neuss-Augustinusviertel (5030)
2022,5061,duesseldorf,51.13004412847727,6.791355087689313,A57: AK Neuss-Süd (S) (5061)
2022,5601,duesseldorf,51.1645363683979,6.741988806524878,A57: AK Neuss-Süd (N) (5601)
2022,5027,duesseldorf,51.338787582114385,6.847510723187301,A52: Lintorf (5027)
2022,5040,duesseldorf,51.17116386109854,6.775255978447398,A46: Düsseldorf-Flehe (5040)
2022,5686,duesseldorf,51.16059092755499,6.762720554106132,A46: AK Neuss Süd (O) (5686)
2022,5097,duesseldorf,51.283971506470756,6.805789766326522,A44: Ratingen-Schwarzbach (5097)
2022,3629,berlin,52.64129589003296,13.566839338784597,A11: Birkholz (3629)
2022,3606,berlin,52.70572060534077,13.163850326690277,A10: Oranienburg (3606)
2022,3667,berlin,52.616320397861806,13.524676647232791,A10: Lindenberg (3667)
2022,3602,berlin,52.42549076836553,13.786982344079506,A10: Erkner (3602)
2022,5049,cologne,50.89416396911358,6.9842636989027405,A4: Rheinbr. Rodenkirchen (5049)
2022,5053,cologne,50.92067225266824,6.860180801167724,A4: Köln-Klettenberg (5053)
2022,5021,cologne,50.919312048334625,7.041939707800889,A4: AD Heumar (W) (5021)
2022,5004,cologne,51.003959315578506,7.014187885327033,A3: Leverkusen (5004)
2022,5655,duesseldorf,51.21862096800785,6.922333662058056,A3: AK Hilden (N) (5655)
2022,5065,duesseldorf,51.34676201175752,6.8630773391520545,A3: AK Breitscheid (S) (5065)
2022,5673,cologne,50.91849352152484,7.091344993406769,A3: AD Heumar (S) (5673)
2022,5672,cologne,50.934612031293234,7.049025519132989,A3: AD Heumar (N) (5672)
2022,5048,cologne,51.0082418910589,6.911664138150934,A1: Köln-Nord (5048)
2022,5032,cologne,50.95672165093015,6.8504935061826435,A1: Köln-Lövenich (5032)
2022,5010,cologne,50.83880562098313,6.797652427231819,A1: Hürth (5010)
2021,5262,duesseldorf,51.12716627228275,6.696760867608083,B477: Gohr (5262)
2021,3625,berlin,52.58338687919949,13.588694289914972,B158: Ahrensfelde (3625)
2021,2066,berlin,52.4037763714793,13.35457539118676,B101: Marienfelde (2066)
2021,3718,berlin,52.39072738241497,13.340259451882503,B101n: Heinersdorf (3718)
2021,3717,berlin,52.36522873449697,13.439652082235648,B96a: Mahlow 2 (3717)
2021,2063,berlin,52.62505795012201,13.38543295159652,B96a: Blankenfelde (2063)
2021,5031,duesseldorf,51.23320143507827,6.71503375374037,B7: Düsseldorf-Heerdt (5031)
2021,2062,berlin,52.528941872025655,13.120796431724969,B5: Staaken (2062)
2021,2065,berlin,52.58580088036836,13.484552384496089,B2: Malchow (2065)
2021,3632,berlin,52.495951578811024,13.76420368944353,B1: Vogelsdorf (3632)
2021,2061,berlin,52.41877799841501,13.181055042492916,B1: Nikolassee (2061)
2021,2064,berlin,52.50353751962765,13.62684779846323,B1: Mahlsdorf (2064)
2021,5086,cologne,50.90870970349409,7.043622283855298,A559: Gremberghoven (5086)
2021,5036,cologne,50.83850576378066,6.966394680178198,A555: Godorf (5036)
2021,2002,berlin,52.493210348835824,13.265711145719067,A115: Eichkamp (2002)
2021,3615,berlin,52.40199742820371,13.186952482194085,A115: Drewitz (3615)
2021,2011,berlin,52.61889596335338,13.437974306648687,A114: Buchholz (2011)
2021,2013,berlin,52.402170649125125,13.520712560288283,A113: Schönefeld (2013)
2021,2012,berlin,52.45860546867578,13.458188786355668,A113: Neukölln (2012)
2021,3631,berlin,52.351146017271084,13.552977288774507,A113: Kiekebusch (3631)
2021,2008,berlin,52.549168131909205,13.301488055136645,A111: Reinickendorf (S) (2008)
2021,2010,berlin,52.62270773391431,13.248465614134682,A111: Heiligensee 2 (2010)
2021,2004,berlin,52.46669209688489,13.337223698487135,A103: Friedenau (O) (2004)
2021,2005,berlin,52.51976892106391,13.282608554265298,A100: Westend (O) (2005)
2021,2003,berlin,52.49725410221179,13.282996302434237,A100: Halensee (2003)
2021,2006,berlin,52.477888412601544,13.324107638586707,A100: Friedenau (N) (2006)
2021,2014,berlin,52.460907178478145,13.412730661217964,A100: Britz (2014)
2021,5089,cologne,50.89318839823646,7.090431653490383,A59: Flughafen Köln/Bonn (5089)
2021,5090,duesseldorf,51.13328352500463,6.908814019135423,A59: Düsseldorf-Urdenbach (5090)
2021,5674,cologne,50.914330633753394,7.065196047864014,A59: AK Heumar (Flughfn.) (5674)
2021,5670,duesseldorf,51.1764203125929,6.701531913083682,A57: Neuss West (S) (5670)
2021,5061,duesseldorf,51.13004412847727,6.791355087689313,A57: AK Neuss-Süd (S) (5061)
2021,5601,duesseldorf,51.1645363683979,6.741988806524878,A57: AK Neuss-Süd (N) (5601)
2021,5014,duesseldorf,51.17425651198109,6.715488991346401,A57: AD Neuss (S) (5014)
2021,5030,duesseldorf,51.18261464998393,6.711040279265354,A57: AD Neuss (N) (5030)
2021,5027,duesseldorf,51.338787582114385,6.847510723187301,A52: Lintorf (5027)
2021,5040,duesseldorf,51.17116386109854,6.775255978447398,A46: Düsseldorf-Flehe (5040)
2021,5686,duesseldorf,51.16059092755499,6.762720554106132,A46: AK Neuss Süd (O) (5686)
2021,5097,duesseldorf,51.283971506470756,6.805789766326522,A44: Ratingen-Schwarzbach (5097)
2021,3629,berlin,52.64129589003296,13.566839338784597,A11: Birkholz (3629)
2021,3606,berlin,52.70572060534077,13.163850326690277,A10: Oranienburg (3606)
2021,3667,berlin,52.616320397861806,13.524676647232791,A10: Lindenberg (3667)
2021,3602,berlin,52.42549076836553,13.786982344079506,A10: Erkner (3602)
2021,5049,cologne,50.89416396911358,6.9842636989027405,A4: Rheinbr. Rodenkirchen (5049)
2021,5053,cologne,50.92067225266824,6.860180801167724,A4: Köln-Klettenberg (5053)
2021,5021,cologne,50.919312048334625,7.041939707800889,A4: AD Heumar (W) (5021)
2021,5004,cologne,51.003959315578506,7.014187885327033,A3: Leverkusen (5004)
2021,5655,duesseldorf,51.21862096800785,6.922333662058056,A3: AK Hilden (N) (5655)
2021,5065,duesseldorf,51.34676201175752,6.8630773391520545,A3: AK Breitscheid (S) (5065)
2021,5673,cologne,50.91849352152484,7.091344993406769,A3: AD Heumar (S) (5673)
2021,5672,cologne,50.934612031293234,7.049025519132989,A3: AD Heumar (N) (5672)
2021,5048,cologne,51.0082418910589,6.911664138150934,A1: Köln-Nord (5048)
2021,5032,cologne,50.95672165093015,6.8504935061826435,A1: Köln-Lövenich (5032)
2021,5010,cologne,50.83880562098313,6.797652427231819,A1: Hürth (5010)
2020,5262,duesseldorf,51.12716627228275,6.696760867608083,B477: Gohr (5262)
2020,3625,berlin,52.58338687919949,13.588694289914972,B158: Ahrensfelde (3625)
2020,2066,berlin,52.4037763714793,13.35457539118676,B101: Marienfelde (2066)
2020,3718,berlin,52.39072738241497,13.340259451882503,B101n: Heinersdorf (3718)
2020,3717,berlin,52.36522873449697,13.439652082235648,B96a: Mahlow 2 (3717)
2020,2063,berlin,52.62505795012201,13.38543295159652,B96a: Blankenfelde (2063)
2020,5031,duesseldorf,51.23320143507827,6.71503375374037,B7: Düsseldorf-Heerdt (5031)
2020,2062,berlin,52.528941872025655,13.120796431724969,B5: Staaken (2062)
2020,2065,berlin,52.58580088036836,13.484552384496089,B2: Malchow (2065)
2020,3632,berlin,52.495951578811024,13.76420368944353,B1: Vogelsdorf (3632)
2020,2061,berlin,52.41877799841501,13.181055042492916,B1: Nikolassee (2061)
2020,2064,berlin,52.50353751962765,13.62684779846323,B1: Mahlsdorf (2064)
2020,5036,cologne,50.83850576378066,6.966394680178198,A555: Godorf (5036)
2020,2002,berlin,52.493210348835824,13.265711145719067,A115: Eichkamp (2002)
2020,3615,berlin,52.40199742820371,13.186952482194085,A115: Drewitz (3615)
2020,2011,berlin,52.61889596335338,13.437974306648687,A114: Buchholz (2011)
2020,2013,berlin,52.402170649125125,13.520712560288283,A113: Schönefeld (2013)
2020,2012,berlin,52.45860546867578,13.458188786355668,A113: Neukölln (2012)
2020,3631,berlin,52.351146017271084,13.552977288774507,A113: Kiekebusch (3631)
2020,2008,berlin,52.549168131909205,13.301488055136645,A111: Reinickendorf (S) (2008)
2020,2010,berlin,52.62270773391431,13.248465614134682,A111: Heiligensee 2 (2010)
2020,2004,berlin,52.46669209688489,13.337223698487135,A103: Friedenau (O) (2004)
2020,2005,berlin,52.51976892106391,13.282608554265298,A100: Westend (O) (2005)
2020,2003,berlin,52.49725410221179,13.282996302434237,A100: Halensee (2003)
2020,2006,berlin,52.477888412601544,13.324107638586707,A100: Friedenau (N) (2006)
2020,2014,berlin,52.460907178478145,13.412730661217964,A100: Britz (2014)
2020,5090,duesseldorf,51.13328352500463,6.908814019135423,A59: Düsseldorf-Urdenbach (5090)
2020,5674,cologne,50.914330633753394,7.065196047864014,A59: AK Heumar (Flughfn.) (5674)
2020,5670,duesseldorf,51.1764203125929,6.701531913083682,A57: Neuss West (S) (5670)
2020,5061,duesseldorf,51.13004412847727,6.791355087689313,A57: AK Neuss-Süd (S) (5061)
2020,5601,duesseldorf,51.1645363683979,6.741988806524878,A57: AK Neuss-Süd (N) (5601)
2020,5014,duesseldorf,51.17425651198109,6.715488991346401,A57: AD Neuss (S) (5014)
2020,5030,duesseldorf,51.18261464998393,6.711040279265354,A57: AD Neuss (N) (5030)
2020,5027,duesseldorf,51.338787582114385,6.847510723187301,A52: Lintorf (5027)
2020,5040,duesseldorf,51.17116386109854,6.775255978447398,A46: Düsseldorf-Flehe (5040)
2020,5686,duesseldorf,51.16059092755499,6.762720554106132,A46: AK Neuss Süd (O) (5686)
2020,5097,duesseldorf,51.283971506470756,6.805789766326522,A44: Ratingen-Schwarzbach (5097)
2020,3629,berlin,52.64129589003296,13.566839338784597,A11: Birkholz (3629)
2020,3606,berlin,52.70572060534077,13.163850326690277,A10: Oranienburg (3606)
2020,3667,berlin,52.616320397861806,13.524676647232791,A10: Lindenberg (3667)
2020,3602,berlin,52.42549076836553,13.786982344079506,A10: Erkner (3602)
2020,5049,cologne,50.89416396911358,6.9842636989027405,A4: Rheinbr. Rodenkirchen (5049)
2020,5053,cologne,50.92067225266824,6.860180801167724,A4: Köln-Klettenberg (5053)
2020,5021,cologne,50.919312048334625,7.041939707800889,A4: AD Heumar (W) (5021)
2020,5004,cologne,51.003959315578506,7.014187885327033,A3: Leverkusen (5004)
2020,5655,duesseldorf,51.21862096800785,6.922333662058056,A3: AK Hilden (N) (5655)
2020,5065,duesseldorf,51.34676201175752,6.8630773391520545,A3: AK Breitscheid (S) (5065)
2020,5673,cologne,50.91849352152484,7.091344993406769,A3: AD Heumar (S) (5673)
2020,5672,cologne,50.934612031293234,7.049025519132989,A3: AD Heumar (N) (5672)
2020,5048,cologne,51.0082418910589,6.911664138150934,A1: Köln-Nord (5048)
2020,5032,cologne,50.95672165093015,6.8504935061826435,A1: Köln-Lövenich (5032)
2020,5010,cologne,50.83880562098313,6.797652427231819,A1: Hürth (5010)
2019,5262,duesseldorf,51.12716627228275,6.696760867608083,B477: Gohr (5262)
2019,3625,berlin,52.58338687919949,13.588694289914972,B158: Ahrensfelde (3625)
2019,2066,berlin,52.4037763714793,13.35457539118676,B101: Marienfelde (2066)
2019,3718,berlin,52.39072738241497,13.340259451882503,B101n: Heinersdorf (3718)
2019,3717,berlin,52.36522873449697,13.439652082235648,B96a: Mahlow 2 (3717)
2019,2063,berlin,52.62505795012201,13.38543295159652,B96a: Blankenfelde (2063)
2019,5031,duesseldorf,51.23320143507827,6.71503375374037,B7: Düsseldorf-Heerdt (5031)
2019,2062,berlin,52.528941872025655,13.120796431724969,B5: Staaken (2062)
2019,2065,berlin,52.58580088036836,13.484552384496089,B2: Malchow (2065)
2019,3632,berlin,52.495951578811024,13.76420368944353,B1: Vogelsdorf (3632)
2019,2061,berlin,52.41877799841501,13.181055042492916,B1: Nikolassee (2061)
2019,2064,berlin,52.50353751962765,13.62684779846323,B1: Mahlsdorf (2064)
2019,5036,cologne,50.83850576378066,6.966394680178198,A555: Godorf (5036)
2019,2002,berlin,52.493210348835824,13.265711145719067,A115: Eichkamp (2002)
2019,3615,berlin,52.40199742820371,13.186952482194085,A115: Drewitz (3615)
2019,2011,berlin,52.61889596335338,13.437974306648687,A114: Buchholz (2011)
2019,2013,berlin,52.402170649125125,13.520712560288283,A113: Schönefeld (2013)
2019,2012,berlin,52.45860546867578,13.458188786355668,A113: Neukölln (2012)
2019,3631,berlin,52.351146017271084,13.552977288774507,A113: Kiekebusch (3631)
2019,2008,berlin,52.549168131909205,13.301488055136645,A111: Reinickendorf (S) (2008)
2019,2010,berlin,52.62270773391431,13.248465614134682,A111: Heiligensee 2 (2010)
2019,2004,berlin,52.46669209688489,13.337223698487135,A103: Friedenau (O) (2004)
2019,2005,berlin,52.51976892106391,13.282608554265298,A100: Westend (O) (2005)
2019,2003,berlin,52.49725410221179,13.282996302434237,A100: Halensee (2003)
2019,2006,berlin,52.477888412601544,13.324107638586707,A100: Friedenau (N) (2006)
2019,2014,berlin,52.460907178478145,13.412730661217964,A100: Britz (2014)
2019,5090,duesseldorf,51.13328352500463,6.908814019135423,A59: Düsseldorf-Urdenbach (5090)
2019,5674,cologne,50.914330633753394,7.065196047864014,A59: AK Heumar (Flughfn.) (5674)
2019,5670,duesseldorf,51.1764203125929,6.701531913083682,A57: Neuss West (S) (5670)
2019,5061,duesseldorf,51.13004412847727,6.791355087689313,A57: AK Neuss-Süd (S) (5061)
2019,5601,duesseldorf,51.1645363683979,6.741988806524878,A57: AK Neuss-Süd (N) (5601)
2019,5014,duesseldorf,51.17425651198109,6.715488991346401,A57: AD Neuss (S) (5014)
2019,5030,duesseldorf,51.18261464998393,6.711040279265354,A57: AD Neuss (N) (5030)
2019,5027,duesseldorf,51.338787582114385,6.847510723187301,A52: Lintorf (5027)
2019,5040,duesseldorf,51.17116386109854,6.775255978447398,A46: Düsseldorf-Flehe (5040)
2019,5686,duesseldorf,51.16059092755499,6.762720554106132,A46: AK Neuss Süd (O) (5686)
2019,5097,duesseldorf,51.283971506470756,6.805789766326522,A44: Ratingen-Schwarzbach (5097)
2019,3629,berlin,52.64129589003296,13.566839338784597,A11: Birkholz (3629)
2019,3606,berlin,52.70572060534077,13.163850326690277,A10: Oranienburg (3606)
2019,3667,berlin,52.616320397861806,13.524676647232791,A10: Lindenberg (3667)
2019,3602,berlin,52.42549076836553,13.786982344079506,A10: Erkner (3602)
2019,5049,cologne,50.89416396911358,6.9842636989027405,A4: Rheinbr. Rodenkirchen (5049)
2019,5053,cologne,50.92067225266824,6.860180801167724,A4: Köln-Klettenberg (5053)
2019,5021,cologne,50.919312048334625,7.041939707800889,A4: AD Heumar (W) (5021)
2019,5004,cologne,51.003959315578506,7.014187885327033,A3: Leverkusen (5004)
2019,5655,duesseldorf,51.21862096800785,6.922333662058056,A3: AK Hilden (N) (5655)
2019,5065,duesseldorf,51.34676201175752,6.8630773391520545,A3: AK Breitscheid (S) (5065)
2019,5673,cologne,50.91849352152484,7.091344993406769,A3: AD Heumar (S) (5673)
2019,5672,cologne,50.934612031293234,7.049025519132989,A3: AD Heumar (N) (5672)
2019,5048,cologne,51.0082418910589,6.911664138150934,A1: Köln-Nord (5048)
2019,5032,cologne,50.95672165093015,6.8504935061826435,A1: Köln-Lövenich (5032)
2019,5010,cologne,50.83880562098313,6.797652427231819,A1: Hürth (5010)
2018,5262,duesseldorf,51.12716627228275,6.696760867608083,B477: Gohr (5262)
2018,3625,berlin,52.58338687919949,13.588694289914972,B158: Ahrensfelde (3625)
2018,2066,berlin,52.4037763714793,13.35457539118676,B101: Marienfelde (2066)
2018,3718,berlin,52.39072738241497,13.340259451882503,B101n: Heinersdorf (3718)
2018,3717,berlin,52.36522873449697,13.439652082235648,B96a: Mahlow 2 (3717)
2018,2063,berlin,52.62505795012201,13.38543295159652,B96a: Blankenfelde (2063)
2018,5031,duesseldorf,51.23320143507827,6.71503375374037,B7: Düsseldorf-Heerdt (5031)
2018,2062,berlin,52.528941872025655,13.120796431724969,B5: Staaken (2062)
2018,2065,berlin,52.58580088036836,13.484552384496089,B2: Malchow (2065)
2018,3632,berlin,52.495951578811024,13.76420368944353,B1: Vogelsdorf (3632)
2018,2061,berlin,52.41877799841501,13.181055042492916,B1: Nikolassee (2061)
2018,2064,berlin,52.50353751962765,13.62684779846323,B1: Mahlsdorf (2064)
2018,5036,cologne,50.83850576378066,6.966394680178198,A555: Godorf (5036)
2018,2002,berlin,52.493210348835824,13.265711145719067,A115: Eichkamp (2002)
2018,3615,berlin,52.40199742820371,13.186952482194085,A115: Drewitz (3615)
2018,2011,berlin,52.61889596335338,13.437974306648687,A114: Buchholz (2011)
2018,2013,berlin,52.402170649125125,13.520712560288283,A113: Schönefeld (2013)
2018,2012,berlin,52.45860546867578,13.458188786355668,A113: Neukölln (2012)
2018,3631,berlin,52.351146017271084,13.552977288774507,A113: Kiekebusch (3631)
2018,2008,berlin,52.549168131909205,13.301488055136645,A111: Reinickendorf (S) (2008)
2018,2010,berlin,52.62270773391431,13.248465614134682,A111: Heiligensee 2 (2010)
2018,2004,berlin,52.46669209688489,13.337223698487135,A103: Friedenau (O) (2004)
2018,2005,berlin,52.51976892106391,13.282608554265298,A100: Westend (O) (2005)
2018,2003,berlin,52.49725410221179,13.282996302434237,A100: Halensee (2003)
2018,2006,berlin,52.477888412601544,13.324107638586707,A100: Friedenau (N) (2006)
2018,2014,berlin,52.460907178478145,13.412730661217964,A100: Britz (2014)
2018,5090,duesseldorf,51.13328352500463,6.908814019135423,A59: Düsseldorf-Urdenbach (5090)
2018,5674,cologne,50.914330633753394,7.065196047864014,A59: AK Heumar (Flughfn.) (5674)
2018,5670,duesseldorf,51.1764203125929,6.701531913083682,A57: Neuss West (S) (5670)
2018,5061,duesseldorf,51.13004412847727,6.791355087689313,A57: AK Neuss-Süd (S) (5061)
2018,5601,duesseldorf,51.1645363683979,6.741988806524878,A57: AK Neuss-Süd (N) (5601)
2018,5014,duesseldorf,51.17425651198109,6.715488991346401,A57: AD Neuss (S) (5014)
2018,5030,duesseldorf,51.18261464998393,6.711040279265354,A57: AD Neuss (N) (5030)
2018,5027,duesseldorf,51.338787582114385,6.847510723187301,A52: Lintorf (5027)
2018,5040,duesseldorf,51.17116386109854,6.775255978447398,A46: Düsseldorf-Flehe (5040)
2018,5686,duesseldorf,51.16059092755499,6.762720554106132,A46: AK Neuss Süd (O) (5686)
2018,5097,duesseldorf,51.283971506470756,6.805789766326522,A44: Ratingen-Schwarzbach (5097)
2018,3629,berlin,52.64129589003296,13.566839338784597,A11: Birkholz (3629)
2018,3606,berlin,52.70572060534077,13.163850326690277,A10: Oranienburg (3606)
2018,3667,berlin,52.616320397861806,13.524676647232791,A10: Lindenberg (3667)
2018,3602,berlin,52.42549076836553,13.786982344079506,A10: Erkner (3602)
2018,5049,cologne,50.89416396911358,6.9842636989027405,A4: Rheinbr. Rodenkirchen (5049)
2018,5053,cologne,50.92067225266824,6.860180801167724,A4: Köln-Klettenberg (5053)
2018,5021,cologne,50.919312048334625,7.041939707800889,A4: AD Heumar (W) (5021)
2018,5004,cologne,51.003959315578506,7.014187885327033,A3: Leverkusen (5004)
2018,5655,duesseldorf,51.21862096800785,6.922333662058056,A3: AK Hilden (N) (5655)
2018,5065,duesseldorf,51.34676201175752,6.8630773391520545,A3: AK Breitscheid (S) (5065)
2018,5673,cologne,50.91849352152484,7.091344993406769,A3: AD Heumar (S) (5673)
2018,5672,cologne,50.934612031293234,7.049025519132989,A3: AD Heumar (N) (5672)
2018,5048,cologne,51.0082418910589,6.911664138150934,A1: Köln-Nord (5048)
2018,5032,cologne,50.95672165093015,6.8504935061826435,A1: Köln-Lövenich (5032)
2018,5010,cologne,50.83880562098313,6.797652427231819,A1: Hürth (5010)
2017,5262,duesseldorf,51.12716627228275,6.696760867608083,B477: Gohr (5262)
2017,3625,berlin,52.58338687919949,13.588694289914972,B158: Ahrensfelde (3625)
2017,2066,berlin,52.4037763714793,13.35457539118676,B101: Marienfelde (2066)
2017,3718,berlin,52.39072738241497,13.340259451882503,B101n: Heinersdorf (3718)
2017,3717,berlin,52.36522873449697,13.439652082235648,B96a: Mahlow 2 (3717)
2017,2063,berlin,52.62505795012201,13.38543295159652,B96a: Blankenfelde (2063)
2017,5031,duesseldorf,51.23320143507827,6.71503375374037,B7: Düsseldorf-Heerdt (5031)
2017,2062,berlin,52.528941872025655,13.120796431724969,B5: Staaken (2062)
2017,2065,berlin,52.58580088036836,13.484552384496089,B2: Malchow (2065)
2017,3632,berlin,52.495951578811024,13.76420368944353,B1: Vogelsdorf (3632)
2017,2061,berlin,52.41877799841501,13.181055042492916,B1: Nikolassee (2061)
2017,2064,berlin,52.50353751962765,13.62684779846323,B1: Mahlsdorf (2064)
2017,5036,cologne,50.83850576378066,6.966394680178198,A555: Godorf (5036)
2017,2002,berlin,52.493210348835824,13.265711145719067,A115: Eichkamp (2002)
2017,3615,berlin,52.40199742820371,13.186952482194085,A115: Drewitz (3615)
2017,2011,berlin,52.61889596335338,13.437974306648687,A114: Buchholz (2011)
2017,2013,berlin,52.402170649125125,13.520712560288283,A113: Schönefeld (2013)
2017,2012,berlin,52.45860546867578,13.458188786355668,A113: Neukölln (2012)
2017,3631,berlin,52.351146017271084,13.552977288774507,A113: Kiekebusch (3631)
2017,2008,berlin,52.549168131909205,13.301488055136645,A111: Reinickendorf (S) (2008)
2017,2010,berlin,52.62270773391431,13.248465614134682,A111: Heiligensee 2 (2010)
2017,2004,berlin,52.46669209688489,13.337223698487135,A103: Friedenau (O) (2004)
2017,2005,berlin,52.51976892106391,13.282608554265298,A100: Westend (O) (2005)
2017,2003,berlin,52.49725410221179,13.282996302434237,A100: Halensee (2003)
2017,2006,berlin,52.477888412601544,13.324107638586707,A100: Friedenau (N) (2006)
2017,2014,berlin,52.460907178478145,13.412730661217964,A100: Britz (2014)
2017,5090,duesseldorf,51.13328352500463,6.908814019135423,A59: Düsseldorf-Urdenbach (5090)
2017,5674,cologne,50.914330633753394,7.065196047864014,A59: AK Heumar (Flughfn.) (5674)
2017,5670,duesseldorf,51.1764203125929,6.701531913083682,A57: Neuss West (S) (5670)
2017,5061,duesseldorf,51.13004412847727,6.791355087689313,A57: AK Neuss-Süd (S) (5061)
2017,5601,duesseldorf,51.1645363683979,6.741988806524878,A57: AK Neuss-Süd (N) (5601)
2017,5014,duesseldorf,51.17425651198109,6.715488991346401,A57: AD Neuss (S) (5014)
2017,5030,duesseldorf,51.18261464998393,6.711040279265354,A57: AD Neuss (N) (5030)
2017,5027,duesseldorf,51.338787582114385,6.847510723187301,A52: Lintorf (5027)
2017,5040,duesseldorf,51.17116386109854,6.775255978447398,A46: Düsseldorf-Flehe (5040)
2017,5686,duesseldorf,51.16059092755499,6.762720554106132,A46: AK Neuss Süd (O) (5686)
2017,5097,duesseldorf,51.283971506470756,6.805789766326522,A44: Ratingen-Schwarzbach (5097)
2017,3629,berlin,52.64129589003296,13.566839338784597,A11: Birkholz (3629)
2017,3606,berlin,52.70572060534077,13.163850326690277,A10: Oranienburg (3606)
2017,3667,berlin,52.616320397861806,13.524676647232791,A10: Lindenberg (3667)
2017,3602,berlin,52.42549076836553,13.786982344079506,A10: Erkner (3602)
2017,5049,cologne,50.89416396911358,6.9842636989027405,A4: Rheinbr. Rodenkirchen (5049)
2017,5053,cologne,50.92067225266824,6.860180801167724,A4: Köln-Klettenberg (5053)
2017,5021,cologne,50.919312048334625,7.041939707800889,A4: AD Heumar (W) (5021)
2017,5004,cologne,51.003959315578506,7.014187885327033,A3: Leverkusen (5004)
2017,5655,duesseldorf,51.21862096800785,6.922333662058056,A3: AK Hilden (N) (5655)
2017,5065,duesseldorf,51.34676201175752,6.8630773391520545,A3: AK Breitscheid (S) (5065)
2017,5673,cologne,50.91849352152484,7.091344993406769,A3: AD Heumar (S) (5673)
2017,5672,cologne,50.934612031293234,7.049025519132989,A3: AD Heumar (N) (5672)
2017,5048,cologne,51.0082418910589,6.911664138150934,A1: Köln-Nord (5048)
2017,5032,cologne,50.95672165093015,6.8504935061826435,A1: Köln-Lövenich (5032)
2017,5010,cologne,50.83880562098313,6.797652427231819,A1: Hürth (5010)
2016,5262,duesseldorf,51.12716627228275,6.696760867608083,B477: Gohr (5262)
2016,3625,berlin,52.58338687919949,13.588694289914972,B158: Ahrensfelde (3625)
2016,2066,berlin,52.4037763714793,13.35457539118676,B101: Marienfelde (2066)
2016,3718,berlin,52.39072738241497,13.340259451882503,B101n: Heinersdorf (3718)
2016,3717,berlin,52.36522873449697,13.439652082235648,B96a: Mahlow 2 (3717)
2016,2063,berlin,52.62505795012201,13.38543295159652,B96a: Blankenfelde (2063)
2016,5031,duesseldorf,51.23320143507827,6.71503375374037,B7: Düsseldorf-Heerdt (5031)
2016,2062,berlin,52.528941872025655,13.120796431724969,B5: Staaken (2062)
2016,2065,berlin,52.58580088036836,13.484552384496089,B2: Malchow (2065)
2016,3632,berlin,52.495951578811024,13.76420368944353,B1: Vogelsdorf (3632)
2016,2061,berlin,52.41877799841501,13.181055042492916,B1: Nikolassee (2061)
2016,2064,berlin,52.50353751962765,13.62684779846323,B1: Mahlsdorf (2064)
2016,5036,cologne,50.83850576378066,6.966394680178198,A555: Godorf (5036)
2016,2002,berlin,52.493210348835824,13.265711145719067,A115: Eichkamp (2002)
2016,3615,berlin,52.40199742820371,13.186952482194085,A115: Drewitz (3615)
2016,2011,berlin,52.61889596335338,13.437974306648687,A114: Buchholz (2011)
2016,2013,berlin,52.402170649125125,13.520712560288283,A113: Schönefeld (2013)
2016,2012,berlin,52.45860546867578,13.458188786355668,A113: Neukölln (2012)
2016,3631,berlin,52.351146017271084,13.552977288774507,A113: Kiekebusch (3631)
2016,2008,berlin,52.549168131909205,13.301488055136645,A111: Reinickendorf (S) (2008)
2016,2010,berlin,52.62270773391431,13.248465614134682,A111: Heiligensee 2 (2010)
2016,2004,berlin,52.46669209688489,13.337223698487135,A103: Friedenau (O) (2004)
2016,2005,berlin,52.51976892106391,13.282608554265298,A100: Westend (O) (2005)
2016,2003,berlin,52.49725410221179,13.282996302434237,A100: Halensee (2003)
2016,2006,berlin,52.477888412601544,13.324107638586707,A100: Friedenau (N) (2006)
2016,2014,berlin,52.460907178478145,13.412730661217964,A100: Britz (2014)
2016,5090,duesseldorf,51.13328352500463,6.908814019135423,A59: Düsseldorf-Urdenbach (5090)
2016,5674,cologne,50.914330633753394,7.065196047864014,A59: AK Heumar (Flughfn.) (5674)
2016,5670,duesseldorf,51.1764203125929,6.701531913083682,A57: Neuss West (S) (5670)
2016,5061,duesseldorf,51.13004412847727,6.791355087689313,A57: AK Neuss-Süd (S) (5061)
2016,5601,duesseldorf,51.1645363683979,6.741988806524878,A57: AK Neuss-Süd (N) (5601)
2016,5014,duesseldorf,51.17425651198109,6.715488991346401,A57: AD Neuss (S) (5014)
2016,5030,duesseldorf,51.18261464998393,6.711040279265354,A57: AD Neuss (N) (5030)
2016,5027,duesseldorf,51.338787582114385,6.847510723187301,A52: Lintorf (5027)
2016,5040,duesseldorf,51.17116386109854,6.775255978447398,A46: Düsseldorf-Flehe (5040)
2016,5686,duesseldorf,51.16059092755499,6.762720554106132,A46: AK Neuss Süd (O) (5686)
2016,5097,duesseldorf,51.283971506470756,6.805789766326522,A44: Ratingen-Schwarzbach (5097)
2016,3629,berlin,52.64129589003296,13.566839338784597,A11: Birkholz (3629)
2016,3606,berlin,52.70572060534077,13.163850326690277,A10: Oranienburg (3606)
2016,3667,berlin,52.616320397861806,13.524676647232791,A10: Lindenberg (3667)
2016,3602,berlin,52.42549076836553,13.786982344079506,A10: Erkner (3602)
2016,5049,cologne,50.89416396911358,6.9842636989027405,A4: Rheinbr. Rodenkirchen (5049)
2016,5053,cologne,50.92067225266824,6.860180801167724,A4: Köln-Klettenberg (5053)
2016,5021,cologne,50.919312048334625,7.041939707800889,A4: AD Heumar (W) (5021)
2016,5004,cologne,51.003959315578506,7.014187885327033,A3: Leverkusen (5004)
2016,5655,duesseldorf,51.21862096800785,6.922333662058056,A3: AK Hilden (N) (5655)
2016,5065,duesseldorf,51.34676201175752,6.8630773391520545,A3: AK Breitscheid (S) (5065)
2016,5673,cologne,50.91849352152484,7.091344993406769,A3: AD Heumar (S) (5673)
2016,5672,cologne,50.934612031293234,7.049025519132989,A3: AD Heumar (N) (5672)
2016,5048,cologne,51.0082418910589,6.911664138150934,A1: Köln-Nord (5048)
2016,5032,cologne,50.95672165093015,6.8504935061826435,A1: Köln-Lövenich (5032)
2016,5010,cologne,50.83880562098313,6.797652427231819,A1: Hürth (5010)
2015,5262,duesseldorf,51.12716627228275,6.696760867608083,B477: Gohr (5262)
2015,3625,berlin,52.58338687919949,13.588694289914972,B158: Ahrensfelde (3625)
2015,2066,berlin,52.4037763714793,13.35457539118676,B101: Marienfelde (2066)
2015,3718,berlin,52.39072738241497,13.340259451882503,B101n: Heinersdorf (3718)
2015,3717,berlin,52.36522873449697,13.439652082235648,B96a: Mahlow 2 (3717)
2015,2063,berlin,52.62505795012201,13.38543295159652,B96a: Blankenfelde (2063)
2015,5031,duesseldorf,51.23320143507827,6.71503375374037,B7: Düsseldorf-Heerdt (5031)
2015,2062,berlin,52.528941872025655,13.120796431724969,B5: Staaken (2062)
2015,2065,berlin,52.58580088036836,13.484552384496089,B2: Malchow (2065)
2015,3632,berlin,52.495951578811024,13.76420368944353,B1: Vogelsdorf (3632)
2015,2061,berlin,52.41877799841501,13.181055042492916,B1: Nikolassee (2061)
2015,2064,berlin,52.50353751962765,13.62684779846323,B1: Mahlsdorf (2064)
2015,5036,cologne,50.83850576378066,6.966394680178198,A555: Godorf (5036)
2015,2002,berlin,52.493210348835824,13.265711145719067,A115: Eichkamp (2002)
2015,3615,berlin,52.40199742820371,13.186952482194085,A115: Drewitz (3615)
2015,2011,berlin,52.61889596335338,13.437974306648687,A114: Buchholz (2011)
2015,2013,berlin,52.402170649125125,13.520712560288283,A113: Schönefeld (2013)
2015,2012,berlin,52.45860546867578,13.458188786355668,A113: Neukölln (2012)
2015,3631,berlin,52.351146017271084,13.552977288774507,A113: Kiekebusch (3631)
2015,2008,berlin,52.549168131909205,13.301488055136645,A111: Reinickendorf (S) (2008)
2015,2010,berlin,52.62270773391431,13.248465614134682,A111: Heiligensee 2 (2010)
2015,2004,berlin,52.46669209688489,13.337223698487135,A103: Friedenau (O) (2004)
2015,2005,berlin,52.51976892106391,13.282608554265298,A100: Westend (O) (2005)
2015,2003,berlin,52.49725410221179,13.282996302434237,A100: Halensee (2003)
2015,2006,berlin,52.477888412601544,13.324107638586707,A100: Friedenau (N) (2006)
2015,2014,berlin,52.460907178478145,13.412730661217964,A100: Britz (2014)
2015,5090,duesseldorf,51.13328352500463,6.908814019135423,A59: Düsseldorf-Urdenbach (5090)
2015,5674,cologne,50.914330633753394,7.065196047864014,A59: AK Heumar (Flughfn.) (5674)
2015,5670,duesseldorf,51.1764203125929,6.701531913083682,A57: Neuss West (S) (5670)
2015,5061,duesseldorf,51.13004412847727,6.791355087689313,A57: AK Neuss-Süd (S) (5061)
2015,5601,duesseldorf,51.1645363683979,6.741988806524878,A57: AK Neuss-Süd (N) (5601)
2015,5014,duesseldorf,51.17425651198109,6.715488991346401,A57: AD Neuss (S) (5014)
2015,5030,duesseldorf,51.18261464998393,6.711040279265354,A57: AD Neuss (N) (5030)
2015,5027,duesseldorf,51.338787582114385,6.847510723187301,A52: Lintorf (5027)
2015,5040,duesseldorf,51.17116386109854,6.775255978447398,A46: Düsseldorf-Flehe (5040)
2015,5686,duesseldorf,51.16059092755499,6.762720554106132,A46: AK Neuss Süd (O) (5686)
2015,5097,duesseldorf,51.283971506470756,6.805789766326522,A44: Ratingen-Schwarzbach (5097)
2015,3629,berlin,52.64129589003296,13.566839338784597,A11: Birkholz (3629)
2015,3606,berlin,52.70572060534077,13.163850326690277,A10: Oranienburg (3606)
2015,3667,berlin,52.616320397861806,13.524676647232791,A10: Lindenberg (3667)
2015,3602,berlin,52.42549076836553,13.786982344079506,A10: Erkner (3602)
2015,5049,cologne,50.89416396911358,6.9842636989027405,A4: Rheinbr. Rodenkirchen (5049)
2015,5053,cologne,50.92067225266824,6.860180801167724,A4: Köln-Klettenberg (5053)
2015,5021,cologne,50.919312048334625,7.041939707800889,A4: AD Heumar (W) (5021)
2015,5004,cologne,51.003959315578506,7.014187885327033,A3: Leverkusen (5004)
2015,5655,duesseldorf,51.21862096800785,6.922333662058056,A3: AK Hilden (N) (5655)
2015,5065,duesseldorf,51.34676201175752,6.8630773391520545,A3: AK Breitscheid (S) (5065)
2015,5673,cologne,50.91849352152484,7.091344993406769,A3: AD Heumar (S) (5673)
2015,5672,cologne,50.934612031293234,7.049025519132989,A3: AD Heumar (N) (5672)
2015,5048,cologne,51.0082418910589,6.911664138150934,A1: Köln-Nord (5048)
2015,5032,cologne,50.95672165093015,6.8504935061826435,A1: Köln-Lövenich (5032)
2015,5010,cologne,50.83880562098313,6.797652427231819,A1: Hürth (5010)
2014,5262,duesseldorf,51.12716627228275,6.696760867608083,B477: Gohr (5262)
2014,3625,berlin,52.58338687919949,13.588694289914972,B158: Ahrensfelde (3625)
2014,2066,berlin,52.4037763714793,13.35457539118676,B101: Marienfelde (2066)
2014,3718,berlin,52.39072738241497,13.340259451882503,B101n: Heinersdorf (3718)
2014,3717,berlin,52.36522873449697,13.439652082235648,B96a: Mahlow 2 (3717)
2014,2063,berlin,52.62505795012201,13.38543295159652,B96a: Blankenfelde (2063)
2014,5031,duesseldorf,51.23320143507827,6.71503375374037,B7: Düsseldorf-Heerdt (5031)
2014,2062,berlin,52.528941872025655,13.120796431724969,B5: Staaken (2062)
2014,2065,berlin,52.58580088036836,13.484552384496089,B2: Malchow (2065)
2014,3632,berlin,52.495951578811024,13.76420368944353,B1: Vogelsdorf (3632)
2014,2061,berlin,52.41877799841501,13.181055042492916,B1: Nikolassee (2061)
2014,2064,berlin,52.50353751962765,13.62684779846323,B1: Mahlsdorf (2064)
2014,5036,cologne,50.83850576378066,6.966394680178198,A555: Godorf (5036)
2014,2002,berlin,52.493210348835824,13.265711145719067,A115: Eichkamp (2002)
2014,3615,berlin,52.40199742820371,13.186952482194085,A115: Drewitz (3615)
2014,2011,berlin,52.61889596335338,13.437974306648687,A114: Buchholz (2011)
2014,2013,berlin,52.402170649125125,13.520712560288283,A113: Schönefeld (2013)
2014,2012,berlin,52.45860546867578,13.458188786355668,A113: Neukölln (2012)
2014,3631,berlin,52.351146017271084,13.552977288774507,A113: Kiekebusch (3631)
2014,3614,berlin,52.64610061828601,13.242897101288106,A111: Stolpe (3614)
2014,2008,berlin,52.549168131909205,13.301488055136645,A111: Reinickendorf (S) (2008)
2014,2010,berlin,52.62270773391431,13.248465614134682,A111: Heiligensee 2 (2010)
2014,2004,berlin,52.46669209688489,13.337223698487135,A103: Friedenau (O) (2004)
2014,2005,berlin,52.51976892106391,13.282608554265298,A100: Westend (O) (2005)
2014,2009,berlin,52.46107723043857,13.410346789787921,A100: Tempelhof (2009)
2014,2003,berlin,52.49725410221179,13.282996302434237,A100: Halensee (2003)
2014,2006,berlin,52.477888412601544,13.324107638586707,A100: Friedenau (N) (2006)
2014,5090,duesseldorf,51.13328352500463,6.908814019135423,A59: Düsseldorf-Urdenbach (5090)
2014,5674,cologne,50.914330633753394,7.065196047864014,A59: AK Heumar (Flughfn.) (5674)
2014,5670,duesseldorf,51.1764203125929,6.701531913083682,A57: Neuss West (S) (5670)
2014,5061,duesseldorf,51.13004412847727,6.791355087689313,A57: AK Neuss-Süd (S) (5061)
2014,5601,duesseldorf,51.1645363683979,6.741988806524878,A57: AK Neuss-Süd (N) (5601)
2014,5014,duesseldorf,51.17425651198109,6.715488991346401,A57: AD Neuss (S) (5014)
2014,5030,duesseldorf,51.18261464998393,6.711040279265354,A57: AD Neuss (N) (5030)
2014,5027,duesseldorf,51.338787582114385,6.847510723187301,A52: Lintorf (5027)
2014,5040,duesseldorf,51.17116386109854,6.775255978447398,A46: Düsseldorf-Flehe (5040)
2014,5686,duesseldorf,51.16059092755499,6.762720554106132,A46: AK Neuss Süd (O) (5686)
2014,5097,duesseldorf,51.283971506470756,6.805789766326522,A44: Ratingen-Schwarzbach (5097)
2014,3629,berlin,52.64129589003296,13.566839338784597,A11: Birkholz (3629)
2014,3606,berlin,52.70572060534077,13.163850326690277,A10: Oranienburg (3606)
2014,3667,berlin,52.616320397861806,13.524676647232791,A10: Lindenberg (3667)
2014,3602,berlin,52.42549076836553,13.786982344079506,A10: Erkner (3602)
2014,5049,cologne,50.89416396911358,6.9842636989027405,A4: Rheinbr. Rodenkirchen (5049)
2014,5053,cologne,50.92067225266824,6.860180801167724,A4: Köln-Klettenberg (5053)
2014,5021,cologne,50.919312048334625,7.041939707800889,A4: AD Heumar (W) (5021)
2014,5004,cologne,51.003959315578506,7.014187885327033,A3: Leverkusen (5004)
2014,5655,duesseldorf,51.21862096800785,6.922333662058056,A3: AK Hilden (N) (5655)
2014,5065,duesseldorf,51.34676201175752,6.8630773391520545,A3: AK Breitscheid (S) (5065)
2014,5673,cologne,50.91849352152484,7.091344993406769,A3: AD Heumar (S) (5673)
2014,5672,cologne,50.934612031293234,7.049025519132989,A3: AD Heumar (N) (5672)
2014,5048,cologne,51.0082418910589,6.911664138150934,A1: Köln-Nord (5048)
2014,5032,cologne,50.95672165093015,6.8504935061826435,A1: Köln-Lövenich (5032)
2014,5010,cologne,50.83880562098313,6.797652427231819,A1: Hürth (5010)
2013,5262,duesseldorf,51.12716627228275,6.696760867608083,B477: Gohr (5262)
2013,3625,berlin,52.58338687919949,13.588694289914972,B158: Ahrensfelde (3625)
2013,2066,berlin,52.4037763714793,13.35457539118676,B101: Marienfelde (2066)
2013,3718,berlin,52.39072738241497,13.340259451882503,B101n: Heinersdorf (3718)
2013,3717,berlin,52.36522873449697,13.439652082235648,B96a: Mahlow 2 (3717)
2013,2063,berlin,52.62505795012201,13.38543295159652,B96a: Blankenfelde (2063)
2013,5031,duesseldorf,51.23320143507827,6.71503375374037,B7: Düsseldorf-Heerdt (5031)
2013,2062,berlin,52.528941872025655,13.120796431724969,B5: Staaken (2062)
2013,2065,berlin,52.58580088036836,13.484552384496089,B2: Malchow (2065)
2013,3632,berlin,52.495951578811024,13.76420368944353,B1: Vogelsdorf (3632)
2013,2061,berlin,52.41877799841501,13.181055042492916,B1: Nikolassee (2061)
2013,2064,berlin,52.50353751962765,13.62684779846323,B1: Mahlsdorf (2064)
2013,5036,cologne,50.83850576378066,6.966394680178198,A555: Godorf (5036)
2013,2002,berlin,52.493210348835824,13.265711145719067,A115: Eichkamp (2002)
2013,3615,berlin,52.40199742820371,13.186952482194085,A115: Drewitz (3615)
2013,2011,berlin,52.61889596335338,13.437974306648687,A114: Buchholz (2011)
2013,2013,berlin,52.402170649125125,13.520712560288283,A113: Schönefeld (2013)
2013,2012,berlin,52.45860546867578,13.458188786355668,A113: Neukölln (2012)
2013,3631,berlin,52.351146017271084,13.552977288774507,A113: Kiekebusch (3631)
2013,3614,berlin,52.64610061828601,13.242897101288106,A111: Stolpe (3614)
2013,2008,berlin,52.549168131909205,13.301488055136645,A111: Reinickendorf (S) (2008)
2013,2010,berlin,52.62270773391431,13.248465614134682,A111: Heiligensee 2 (2010)
2013,2004,berlin,52.46669209688489,13.337223698487135,A103: Friedenau (O) (2004)
2013,2005,berlin,52.51976892106391,13.282608554265298,A100: Westend (O) (2005)
2013,2009,berlin,52.46107723043857,13.410346789787921,A100: Tempelhof (2009)
2013,2003,berlin,52.49725410221179,13.282996302434237,A100: Halensee (2003)
2013,2006,berlin,52.477888412601544,13.324107638586707,A100: Friedenau (N) (2006)
2013,5674,cologne,50.914330633753394,7.065196047864014,A59: AK Heumar (Flughfn.) (5674)
2013,5670,duesseldorf,51.1764203125929,6.701531913083682,A57: Neuss West (S) (5670)
2013,5061,duesseldorf,51.13004412847727,6.791355087689313,A57: AK Neuss-Süd (S) (5061)
2013,5601,duesseldorf,51.1645363683979,6.741988806524878,A57: AK Neuss-Süd (N) (5601)
2013,5014,duesseldorf,51.17425651198109,6.715488991346401,A57: AD Neuss (S) (5014)
2013,5030,duesseldorf,51.18261464998393,6.711040279265354,A57: AD Neuss (N) (5030)
2013,5027,duesseldorf,51.338787582114385,6.847510723187301,A52: Lintorf (5027)
2013,5040,duesseldorf,51.17116386109854,6.775255978447398,A46: Düsseldorf-Flehe (5040)
2013,5686,duesseldorf,51.16059092755499,6.762720554106132,A46: AK Neuss Süd (O) (5686)
2013,3629,berlin,52.64129589003296,13.566839338784597,A11: Birkholz (3629)
2013,3606,berlin,52.70572060534077,13.163850326690277,A10: Oranienburg (3606)
2013,3667,berlin,52.616320397861806,13.524676647232791,A10: Lindenberg (3667)
2013,3602,berlin,52.42549076836553,13.786982344079506,A10: Erkner (3602)
2013,5049,cologne,50.89416396911358,6.9842636989027405,A4: Rheinbr. Rodenkirchen (5049)
2013,5053,cologne,50.92067225266824,6.860180801167724,A4: Köln-Klettenberg (5053)
2013,5021,cologne,50.919312048334625,7.041939707800889,A4: AD Heumar (W) (5021)
2013,5004,cologne,51.003959315578506,7.014187885327033,A3: Leverkusen (5004)
2013,5655,duesseldorf,51.21862096800785,6.922333662058056,A3: AK Hilden (N) (5655)
2013,5065,duesseldorf,51.34676201175752,6.8630773391520545,A3: AK Breitscheid (S) (5065)
2013,5673,cologne,50.91849352152484,7.091344993406769,A3: AD Heumar (S) (5673)
2013,5672,cologne,50.934612031293234,7.049025519132989,A3: AD Heumar (N) (5672)
2013,5048,cologne,51.0082418910589,6.911664138150934,A1: Köln-Nord (5048)
2013,5032,cologne,50.95672165093015,6.8504935061826435,A1: Köln-Lövenich (5032)
2013,5010,cologne,50.83880562098313,6.797652427231819,A1: Hürth (5010)
2012,5262,duesseldorf,51.12716627228275,6.696760867608083,B477: Gohr (5262)
2012,3625,berlin,52.58338687919949,13.588694289914972,B158: Ahrensfelde (3625)
2012,2066,berlin,52.4037763714793,13.35457539118676,B101: Marienfelde (2066)
2012,3718,berlin,52.39072738241497,13.340259451882503,B101n: Heinersdorf (3718)
2012,3717,berlin,52.36522873449697,13.439652082235648,B96a: Mahlow 2 (3717)
2012,2063,berlin,52.62505795012201,13.38543295159652,B96a: Blankenfelde (2063)
2012,5031,duesseldorf,51.23320143507827,6.71503375374037,B7: Düsseldorf-Heerdt (5031)
2012,2062,berlin,52.528941872025655,13.120796431724969,B5: Staaken (2062)
2012,2065,berlin,52.58580088036836,13.484552384496089,B2: Malchow (2065)
2012,3632,berlin,52.495951578811024,13.76420368944353,B1: Vogelsdorf (3632)
2012,2061,berlin,52.41877799841501,13.181055042492916,B1: Nikolassee (2061)
2012,2064,berlin,52.50353751962765,13.62684779846323,B1: Mahlsdorf (2064)
2012,5036,cologne,50.83850576378066,6.966394680178198,A555: Godorf (5036)
2012,2002,berlin,52.493210348835824,13.265711145719067,A115: Eichkamp (2002)
2012,3615,berlin,52.40199742820371,13.186952482194085,A115: Drewitz (3615)
2012,2011,berlin,52.61889596335338,13.437974306648687,A114: Buchholz (2011)
2012,2013,berlin,52.402170649125125,13.520712560288283,A113: Schönefeld (2013)
2012,2012,berlin,52.45860546867578,13.458188786355668,A113: Neukölln (2012)
2012,3631,berlin,52.351146017271084,13.552977288774507,A113: Kiekebusch (3631)
2012,3614,berlin,52.64610061828601,13.242897101288106,A111: Stolpe (3614)
2012,2008,berlin,52.549168131909205,13.301488055136645,A111: Reinickendorf (S) (2008)
2012,2010,berlin,52.62270773391431,13.248465614134682,A111: Heiligensee 2 (2010)
2012,2004,berlin,52.46669209688489,13.337223698487135,A103: Friedenau (O) (2004)
2012,2005,berlin,52.51976892106391,13.282608554265298,A100: Westend (O) (2005)
2012,2009,berlin,52.46107723043857,13.410346789787921,A100: Tempelhof (2009)
2012,2003,berlin,52.49725410221179,13.282996302434237,A100: Halensee (2003)
2012,2006,berlin,52.477888412601544,13.324107638586707,A100: Friedenau (N) (2006)
2012,5674,cologne,50.914330633753394,7.065196047864014,A59: AK Heumar (Flughfn.) (5674)
2012,5670,duesseldorf,51.1764203125929,6.701531913083682,A57: Neuss West (S) (5670)
2012,5061,duesseldorf,51.13004412847727,6.791355087689313,A57: AK Neuss-Süd (S) (5061)
2012,5601,duesseldorf,51.1645363683979,6.741988806524878,A57: AK Neuss-Süd (N) (5601)
2012,5014,duesseldorf,51.17425651198109,6.715488991346401,A57: AD Neuss (S) (5014)
2012,5030,duesseldorf,51.18261464998393,6.711040279265354,A57: AD Neuss (N) (5030)
2012,5027,duesseldorf,51.338787582114385,6.847510723187301,A52: Lintorf (5027)
2012,5040,duesseldorf,51.17116386109854,6.775255978447398,A46: Düsseldorf-Flehe (5040)
2012,5686,duesseldorf,51.16059092755499,6.762720554106132,A46: AK Neuss Süd (O) (5686)
2012,3629,berlin,52.64129589003296,13.566839338784597,A11: Birkholz (3629)
2012,3606,berlin,52.70572060534077,13.163850326690277,A10: Oranienburg (3606)
2012,3667,berlin,52.616320397861806,13.524676647232791,A10: Lindenberg (3667)
2012,3602,berlin,52.42549076836553,13.786982344079506,A10: Erkner (3602)
2012,5049,cologne,50.89416396911358,6.9842636989027405,A4: Rheinbr. Rodenkirchen (5049)
2012,5053,cologne,50.92067225266824,6.860180801167724,A4: Köln-Klettenberg (5053)
2012,5021,cologne,50.919312048334625,7.041939707800889,A4: AD Heumar (W) (5021)
2012,5004,cologne,51.003959315578506,7.014187885327033,A3: Leverkusen (5004)
2012,5655,duesseldorf,51.21862096800785,6.922333662058056,A3: AK Hilden (N) (5655)
2012,5065,duesseldorf,51.34676201175752,6.8630773391520545,A3: AK Breitscheid (S) (5065)
2012,5673,cologne,50.91849352152484,7.091344993406769,A3: AD Heumar (S) (5673)
2012,5672,cologne,50.934612031293234,7.049025519132989,A3: AD Heumar (N) (5672)
2012,5048,cologne,51.0082418910589,6.911664138150934,A1: Köln-Nord (5048)
2012,5032,cologne,50.95672165093015,6.8504935061826435,A1: Köln-Lövenich (5032)
2012,5010,cologne,50.83880562098313,6.797652427231819,A1: Hürth (5010)
2011,5262,duesseldorf,51.12716627228275,6.696760867608083,B477: Gohr (5262)
2011,3625,berlin,52.58338687919949,13.588694289914972,B158: Ahrensfelde (3625)
2011,2066,berlin,52.4037763714793,13.35457539118676,B101: Marienfelde (2066)
2011,3718,berlin,52.39072738241497,13.340259451882503,B101n: Heinersdorf (3718)
2011,3717,berlin,52.36522873449697,13.439652082235648,B96a: Mahlow 2 (3717)
2011,2063,berlin,52.62505795012201,13.38543295159652,B96a: Blankenfelde (2063)
2011,5031,duesseldorf,51.23320143507827,6.71503375374037,B7: Düsseldorf-Heerdt (5031)
2011,2062,berlin,52.528941872025655,13.120796431724969,B5: Staaken (2062)
2011,2065,berlin,52.58580088036836,13.484552384496089,B2: Malchow (2065)
2011,3632,berlin,52.495951578811024,13.76420368944353,B1: Vogelsdorf (3632)
2011,2061,berlin,52.41877799841501,13.181055042492916,B1: Nikolassee (2061)
2011,2064,berlin,52.50353751962765,13.62684779846323,B1: Mahlsdorf (2064)
2011,5036,cologne,50.83850576378066,6.966394680178198,A555: Godorf (5036)
2011,2002,berlin,52.493210348835824,13.265711145719067,A115: Eichkamp (2002)
2011,3615,berlin,52.40199742820371,13.186952482194085,A115: Drewitz (3615)
2011,2011,berlin,52.61889596335338,13.437974306648687,A114: Buchholz (2011)
2011,2013,berlin,52.402170649125125,13.520712560288283,A113: Schönefeld (2013)
2011,2012,berlin,52.45860546867578,13.458188786355668,A113: Neukölln (2012)
2011,3631,berlin,52.351146017271084,13.552977288774507,A113: Kiekebusch (3631)
2011,3614,berlin,52.64610061828601,13.242897101288106,A111: Stolpe (3614)
2011,2008,berlin,52.549168131909205,13.301488055136645,A111: Reinickendorf (S) (2008)
2011,2010,berlin,52.62270773391431,13.248465614134682,A111: Heiligensee 2 (2010)
2011,2004,berlin,52.46669209688489,13.337223698487135,A103: Friedenau (O) (2004)
2011,2005,berlin,52.51976892106391,13.282608554265298,A100: Westend (O) (2005)
2011,2009,berlin,52.46107723043857,13.410346789787921,A100: Tempelhof (2009)
2011,2003,berlin,52.49725410221179,13.282996302434237,A100: Halensee (2003)
2011,2006,berlin,52.477888412601544,13.324107638586707,A100: Friedenau (N) (2006)
2011,5674,cologne,50.914330633753394,7.065196047864014,A59: AK Heumar (Flughfn.) (5674)
2011,5670,duesseldorf,51.1764203125929,6.701531913083682,A57: Neuss West (S) (5670)
2011,5061,duesseldorf,51.13004412847727,6.791355087689313,A57: AK Neuss-Süd (S) (5061)
2011,5601,duesseldorf,51.1645363683979,6.741988806524878,A57: AK Neuss-Süd (N) (5601)
2011,5014,duesseldorf,51.17425651198109,6.715488991346401,A57: AD Neuss (S) (5014)
2011,5030,duesseldorf,51.18261464998393,6.711040279265354,A57: AD Neuss (N) (5030)
2011,5027,duesseldorf,51.338787582114385,6.847510723187301,A52: Lintorf (5027)
2011,5040,duesseldorf,51.17116386109854,6.775255978447398,A46: Düsseldorf-Flehe (5040)
2011,5686,duesseldorf,51.16059092755499,6.762720554106132,A46: AK Neuss Süd (O) (5686)
2011,3629,berlin,52.64129589003296,13.566839338784597,A11: Birkholz (3629)
2011,3606,berlin,52.70572060534077,13.163850326690277,A10: Oranienburg (3606)
2011,3667,berlin,52.616320397861806,13.524676647232791,A10: Lindenberg (3667)
2011,3602,berlin,52.42549076836553,13.786982344079506,A10: Erkner (3602)
2011,5049,cologne,50.89416396911358,6.9842636989027405,A4: Rheinbr. Rodenkirchen (5049)
2011,5053,cologne,50.92067225266824,6.860180801167724,A4: Köln-Klettenberg (5053)
2011,5021,cologne,50.919312048334625,7.041939707800889,A4: AD Heumar (W) (5021)
2011,5004,cologne,51.003959315578506,7.014187885327033,A3: Leverkusen (5004)
2011,5655,duesseldorf,51.21862096800785,6.922333662058056,A3: AK Hilden (N) (5655)
2011,5065,duesseldorf,51.34676201175752,6.8630773391520545,A3: AK Breitscheid (S) (5065)
2011,5673,cologne,50.91849352152484,7.091344993406769,A3: AD Heumar (S) (5673)
2011,5672,cologne,50.934612031293234,7.049025519132989,A3: AD Heumar (N) (5672)
2011,5048,cologne,51.0082418910589,6.911664138150934,A1: Köln-Nord (5048)
2011,5032,cologne,50.95672165093015,6.8504935061826435,A1: Köln-Lövenich (5032)
2011,5010,cologne,50.83880562098313,6.797652427231819,A1: Hürth (5010)
2010,5262,duesseldorf,51.12716627228275,6.696760867608083,B477: Gohr (5262)
2010,3625,berlin,52.58338687919949,13.588694289914972,B158: Ahrensfelde (3625)
2010,2066,berlin,52.4037763714793,13.35457539118676,B101: Marienfelde (2066)
2010,3718,berlin,52.39072738241497,13.340259451882503,B101n: Heinersdorf (3718)
2010,3717,berlin,52.36522873449697,13.439652082235648,B96a: Mahlow 2 (3717)
2010,2063,berlin,52.62505795012201,13.38543295159652,B96a: Blankenfelde (2063)
2010,5031,duesseldorf,51.23320143507827,6.71503375374037,B7: Düsseldorf-Heerdt (5031)
2010,2062,berlin,52.528941872025655,13.120796431724969,B5: Staaken (2062)
2010,2065,berlin,52.58580088036836,13.484552384496089,B2: Malchow (2065)
2010,3632,berlin,52.495951578811024,13.76420368944353,B1: Vogelsdorf (3632)
2010,2061,berlin,52.41877799841501,13.181055042492916,B1: Nikolassee (2061)
2010,2064,berlin,52.50353751962765,13.62684779846323,B1: Mahlsdorf (2064)
2010,5036,cologne,50.83850576378066,6.966394680178198,A555: Godorf (5036)
2010,2002,berlin,52.493210348835824,13.265711145719067,A115: Eichkamp (2002)
2010,3615,berlin,52.40199742820371,13.186952482194085,A115: Drewitz (3615)
2010,2011,berlin,52.61889596335338,13.437974306648687,A114: Buchholz (2011)
2010,2013,berlin,52.402170649125125,13.520712560288283,A113: Schönefeld (2013)
2010,2012,berlin,52.45860546867578,13.458188786355668,A113: Neukölln (2012)
2010,3631,berlin,52.351146017271084,13.552977288774507,A113: Kiekebusch (3631)
2010,3614,berlin,52.64610061828601,13.242897101288106,A111: Stolpe (3614)
2010,2008,berlin,52.549168131909205,13.301488055136645,A111: Reinickendorf (S) (2008)
2010,2010,berlin,52.62270773391431,13.248465614134682,A111: Heiligensee 2 (2010)
2010,2004,berlin,52.46669209688489,13.337223698487135,A103: Friedenau (O) (2004)
2010,2005,berlin,52.51976892106391,13.282608554265298,A100: Westend (O) (2005)
2010,2009,berlin,52.46107723043857,13.410346789787921,A100: Tempelhof (2009)
2010,2003,berlin,52.49725410221179,13.282996302434237,A100: Halensee (2003)
2010,2006,berlin,52.477888412601544,13.324107638586707,A100: Friedenau (N) (2006)
2010,5674,cologne,50.914330633753394,7.065196047864014,A59: AK Heumar (Flughfn.) (5674)
2010,5670,duesseldorf,51.1764203125929,6.701531913083682,A57: Neuss West (S) (5670)
2010,5061,duesseldorf,51.13004412847727,6.791355087689313,A57: AK Neuss-Süd (S) (5061)
2010,5601,duesseldorf,51.1645363683979,6.741988806524878,A57: AK Neuss-Süd (N) (5601)
2010,5014,duesseldorf,51.17425651198109,6.715488991346401,A57: AD Neuss (S) (5014)
2010,5030,duesseldorf,51.18261464998393,6.711040279265354,A57: AD Neuss (N) (5030)
2010,5027,duesseldorf,51.338787582114385,6.847510723187301,A52: Lintorf (5027)
2010,5040,duesseldorf,51.17116386109854,6.775255978447398,A46: Düsseldorf-Flehe (5040)
2010,5686,duesseldorf,51.16059092755499,6.762720554106132,A46: AK Neuss Süd (O) (5686)
2010,3629,berlin,52.64129589003296,13.566839338784597,A11: Birkholz (3629)
2010,3606,berlin,52.70572060534077,13.163850326690277,A10: Oranienburg (3606)
2010,3667,berlin,52.616320397861806,13.524676647232791,A10: Lindenberg (3667)
2010,3602,berlin,52.42549076836553,13.786982344079506,A10: Erkner (3602)
2010,5049,cologne,50.89416396911358,6.9842636989027405,A4: Rheinbr. Rodenkirchen (5049)
2010,5053,cologne,50.92067225266824,6.860180801167724,A4: Köln-Klettenberg (5053)
2010,5021,cologne,50.919312048334625,7.041939707800889,A4: AD Heumar (W) (5021)
2010,5004,cologne,51.003959315578506,7.014187885327033,A3: Leverkusen (5004)
2010,5655,duesseldorf,51.21862096800785,6.922333662058056,A3: AK Hilden (N) (5655)
2010,5065,duesseldorf,51.34676201175752,6.8630773391520545,A3: AK Breitscheid (S) (5065)
2010,5673,cologne,50.91849352152484,7.091344993406769,A3: AD Heumar (S) (5673)
2010,5672,cologne,50.934612031293234,7.049025519132989,A3: AD Heumar (N) (5672)
2010,5048,cologne,51.0082418910589,6.911664138150934,A1: Köln-Nord (5048)
2010,5032,cologne,50.95672165093015,6.8504935061826435,A1: Köln-Lövenich (5032)
2010,5010,cologne,50.83880562098313,6.797652427231819,A1: Hürth (5010)
2009,5262,duesseldorf,51.12716627228275,6.696760867608083,B477: Gohr (5262)
2009,3625,berlin,52.58338687919949,13.588694289914972,B158: Ahrensfelde (3625)
2009,2066,berlin,52.395427716232504,13.345530690131401,B101: Marienfelde (2066)
2009,3718,berlin,52.39072738241497,13.340259451882503,B101n: Heinersdorf (3718)
2009,3717,berlin,52.36522873449697,13.439652082235648,B96a: Mahlow 2 (3717)
2009,2063,berlin,52.62960528709711,13.382901629269869,B96a: Blankenfelde (2063)
2009,5031,duesseldorf,51.23320143507827,6.71503375374037,B7: Düsseldorf-Heerdt (5031)
2009,2062,berlin,52.52895136215339,13.120266291783565,B5: Staaken (2062)
2009,2065,berlin,52.595299601652314,13.500949347107309,B2: Malchow (2065)
2009,3632,berlin,52.495951578811024,13.76420368944353,B1: Vogelsdorf (3632)
2009,2061,berlin,52.41879713042222,13.183308126973346,B1: Nikolassee (2061)
2009,2064,berlin,52.50353751962765,13.62684779846323,B1: Mahlsdorf (2064)
2009,5036,cologne,50.83850576378066,6.966394680178198,A555: Godorf (5036)
2009,2002,berlin,52.493210348835824,13.265711145719067,A115: Eichkamp (2002)
2009,3615,berlin,52.40199742820371,13.186952482194085,A115: Drewitz (3615)
2009,2011,berlin,52.61889596335338,13.437974306648687,A114: Buchholz (2011)
2009,3631,berlin,52.351146017271084,13.552977288774507,A113: Kiekebusch (3631)
2009,3614,berlin,52.64610061828601,13.242897101288106,A111: Stolpe (3614)
2009,2008,berlin,52.5503873279637,13.302596334673574,A111: Reinickendorf (S) (2008)
2009,2010,berlin,52.62342349256294,13.247574129136003,A111: Heiligensee 2 (2010)
2009,2004,berlin,52.46667544721584,13.336942170140311,A103: Friedenau (O) (2004)
2009,2005,berlin,52.52011864923135,13.282391897776852,A100: Westend (O) (2005)
2009,2009,berlin,52.46107723043857,13.410346789787921,A100: Tempelhof (2009)
2009,2003,berlin,52.497267328418076,13.282879662163513,A100: Halensee (2003)
2009,2006,berlin,52.47784497502958,13.33020353058808,A100: Friedenau (N) (2006)
2009,5674,cologne,50.914330633753394,7.065196047864014,A59: AK Heumar (Flughfn.) (5674)
2009,5670,duesseldorf,51.1764203125929,6.701531913083682,A57: Neuss West (S) (5670)
2009,5061,duesseldorf,51.13004412847727,6.791355087689313,A57: AK Neuss-Süd (S) (5061)
2009,5601,duesseldorf,51.1645363683979,6.741988806524878,A57: AK Neuss-Süd (N) (5601)
2009,5014,duesseldorf,51.17425651198109,6.715488991346401,A57: AD Neuss (S) (5014)
2009,5030,duesseldorf,51.18261464998393,6.711040279265354,A57: AD Neuss (N) (5030)
2009,5027,duesseldorf,51.338787582114385,6.847510723187301,A52: Lintorf (5027)
2009,5040,duesseldorf,51.17116386109854,6.775255978447398,A46: Düsseldorf-Flehe (5040)
2009,5686,duesseldorf,51.16059092755499,6.762720554106132,A46: AK Neuss Süd (O) (5686)
2009,3629,berlin,52.64129589003296,13.566839338784597,A11: Birkholz (3629)
2009,3606,berlin,52.70572060534077,13.163850326690277,A10: Oranienburg (3606)
2009,3667,berlin,52.616320397861806,13.524676647232791,A10: Lindenberg (3667)
2009,3602,berlin,52.42549076836553,13.786982344079506,A10: Erkner (3602)
2009,5049,cologne,50.89416396911358,6.9842636989027405,A4: Rheinbr. Rodenkirchen (5049)
2009,5053,cologne,50.92067225266824,6.860180801167724,A4: Köln-Klettenberg (5053)
2009,5021,cologne,50.919312048334625,7.041939707800889,A4: AD Heumar (W) (5021)
2009,5004,cologne,51.003959315578506,7.014187885327033,A3: Leverkusen (5004)
2009,5655,duesseldorf,51.21862096800785,6.922333662058056,A3: AK Hilden (N) (5655)
2009,5065,duesseldorf,51.34676201175752,6.8630773391520545,A3: AK Breitscheid (S) (5065)
2009,5673,cologne,50.91849352152484,7.091344993406769,A3: AD Heumar (S) (5673)
2009,5672,cologne,50.934612031293234,7.049025519132989,A3: AD Heumar (N) (5672)
2009,5048,cologne,51.0082418910589,6.911664138150934,A1: Köln-Nord (5048)
2009,5032,cologne,50.95672165093015,6.8504935061826435,A1: Köln-Lövenich (5032)
2009,5010,cologne,50.83880562098313,6.797652427231819,A1: Hürth (5010)
2008,5262,duesseldorf,51.12716627228275,6.696760867608083,B477: Gohr (5262)
2008,3625,berlin,52.58338687919949,13.588694289914972,B158: Ahrensfelde (3625)
2008,2066,berlin,52.395427716232504,13.345530690131401,B101: Marienfelde (2066)
2008,3718,berlin,52.39072738241497,13.340259451882503,B101n: Heinersdorf (3718)
2008,3717,berlin,52.36522873449697,13.439652082235648,B96a: Mahlow 2 (3717)
2008,2063,berlin,52.62960528709711,13.382901629269869,B96a: Blankenfelde (2063)
2008,5031,duesseldorf,51.23320143507827,6.71503375374037,B7: Düsseldorf-Heerdt (5031)
2008,2062,berlin,52.52895136215339,13.120266291783565,B5: Staaken (2062)
2008,2065,berlin,52.595299601652314,13.500949347107309,B2: Malchow (2065)
2008,3702,berlin,52.71434705186373,13.61944694255334,B2: Biesenthal (3702)
2008,3632,berlin,52.495951578811024,13.76420368944353,B1: Vogelsdorf (3632)
2008,2061,berlin,52.41879713042222,13.183308126973346,B1: Nikolassee (2061)
2008,2064,berlin,52.50353751962765,13.62684779846323,B1: Mahlsdorf (2064)
2008,5036,cologne,50.83850576378066,6.966394680178198,A555: Godorf (5036)
2008,2002,berlin,52.493210348835824,13.265711145719067,A115: Eichkamp (2002)
2008,3615,berlin,52.40199742820371,13.186952482194085,A115: Drewitz (3615)
2008,2011,berlin,52.61889596335338,13.437974306648687,A114: Buchholz (2011)
2008,3631,berlin,52.351146017271084,13.552977288774507,A113: Kiekebusch (3631)
2008,3614,berlin,52.64610061828601,13.242897101288106,A111: Stolpe (3614)
2008,2008,berlin,52.5503873279637,13.302596334673574,A111: Reinickendorf (S) (2008)
2008,2010,berlin,52.62342349256294,13.247574129136003,A111: Heiligensee 2 (2010)
2008,2004,berlin,52.46667544721584,13.336942170140311,A103: Friedenau (O) (2004)
2008,2005,berlin,52.52011864923135,13.282391897776852,A100: Westend (O) (2005)
2008,2009,berlin,52.46107723043857,13.410346789787921,A100: Tempelhof (2009)
2008,2003,berlin,52.497267328418076,13.282879662163513,A100: Halensee (2003)
2008,2006,berlin,52.47784497502958,13.33020353058808,A100: Friedenau (N) (2006)
2008,5674,cologne,50.914330633753394,7.065196047864014,A59: AK Heumar (Flughfn.) (5674)
2008,5670,duesseldorf,51.1764203125929,6.701531913083682,A57: Neuss West (S) (5670)
2008,5061,duesseldorf,51.13004412847727,6.791355087689313,A57: AK Neuss-Süd (S) (5061)
2008,5601,duesseldorf,51.1645363683979,6.741988806524878,A57: AK Neuss-Süd (N) (5601)
2008,5014,duesseldorf,51.17425651198109,6.715488991346401,A57: AD Neuss (S) (5014)
2008,5030,duesseldorf,51.18261464998393,6.711040279265354,A57: AD Neuss (N) (5030)
2008,5027,duesseldorf,51.338787582114385,6.847510723187301,A52: Lintorf (5027)
2008,5040,duesseldorf,51.17116386109854,6.775255978447398,A46: Düsseldorf-Flehe (5040)
2008,5686,duesseldorf,51.16059092755499,6.762720554106132,A46: AK Neuss Süd (O) (5686)
2008,3629,berlin,52.64129589003296,13.566839338784597,A11: Birkholz (3629)
2008,3606,berlin,52.70572060534077,13.163850326690277,A10: Oranienburg (3606)
2008,3667,berlin,52.616320397861806,13.524676647232791,A10: Lindenberg (3667)
2008,3602,berlin,52.42549076836553,13.786982344079506,A10: Erkner (3602)
2008,5049,cologne,50.89416396911358,6.9842636989027405,A4: Rheinbr. Rodenkirchen (5049)
2008,5053,cologne,50.92067225266824,6.860180801167724,A4: Köln-Klettenberg (5053)
2008,5021,cologne,50.919312048334625,7.041939707800889,A4: AD Heumar (W) (5021)
2008,5004,cologne,51.003959315578506,7.014187885327033,A3: Leverkusen (5004)
2008,5655,duesseldorf,51.21862096800785,6.922333662058056,A3: AK Hilden (N) (5655)
2008,5065,duesseldorf,51.34676201175752,6.8630773391520545,A3: AK Breitscheid (S) (5065)
2008,5673,cologne,50.91849352152484,7.091344993406769,A3: AD Heumar (S) (5673)
2008,5672,cologne,50.934612031293234,7.049025519132989,A3: AD Heumar (N) (5672)
2008,5048,cologne,51.0082418910589,6.911664138150934,A1: Köln-Nord (5048)
2008,5032,cologne,50.95672165093015,6.8504935061826435,A1: Köln-Lövenich (5032)
2008,5010,cologne,50.83880562098313,6.797652427231819,A1: Hürth (5010)
2007,5262,duesseldorf,51.12716627228275,6.696760867608083,B477: Gohr (5262)
2007,3625,berlin,52.58338687919949,13.588694289914972,B158: Ahrensfelde (3625)
2007,2066,berlin,52.395427716232504,13.345530690131401,B101: Marienfelde (2066)
2007,3718,berlin,52.39072738241497,13.340259451882503,B101n: Heinersdorf (3718)
2007,3717,berlin,52.36522873449697,13.439652082235648,B96a: Mahlow 2 (3717)
2007,2063,berlin,52.62960528709711,13.382901629269869,B96a: Blankenfelde (2063)
2007,5031,duesseldorf,51.23320143507827,6.71503375374037,B7: Düsseldorf-Heerdt (5031)
2007,2062,berlin,52.52895136215339,13.120266291783565,B5: Staaken (2062)
2007,2065,berlin,52.595299601652314,13.500949347107309,B2: Malchow (2065)
2007,3702,berlin,52.71434705186373,13.61944694255334,B2: Biesenthal (3702)
2007,3632,berlin,52.495951578811024,13.76420368944353,B1: Vogelsdorf (3632)
2007,2061,berlin,52.41879713042222,13.183308126973346,B1: Nikolassee (2061)
2007,2064,berlin,52.50353751962765,13.62684779846323,B1: Mahlsdorf (2064)
2007,5036,cologne,50.83850576378066,6.966394680178198,A555: Godorf (5036)
2007,2002,berlin,52.493210348835824,13.265711145719067,A115: Eichkamp (2002)
2007,3615,berlin,52.40199742820371,13.186952482194085,A115: Drewitz (3615)
2007,2011,berlin,52.61889596335338,13.437974306648687,A114: Buchholz (2011)
2007,3631,berlin,52.351146017271084,13.552977288774507,A113: Kiekebusch (3631)
2007,3614,berlin,52.64610061828601,13.242897101288106,A111: Stolpe (3614)
2007,2008,berlin,52.5503873279637,13.302596334673574,A111: Reinickendorf (S) (2008)
2007,2010,berlin,52.62342349256294,13.247574129136003,A111: Heiligensee 2 (2010)
2007,2004,berlin,52.46667544721584,13.336942170140311,A103: Friedenau (O) (2004)
2007,2005,berlin,52.52011864923135,13.282391897776852,A100: Westend (O) (2005)
2007,2009,berlin,52.46107723043857,13.410346789787921,A100: Tempelhof (2009)
2007,2003,berlin,52.497267328418076,13.282879662163513,A100: Halensee (2003)
2007,2006,berlin,52.47784497502958,13.33020353058808,A100: Friedenau (N) (2006)
2007,5674,cologne,50.91431077337878,7.065083058382973,A59: AK Heumar (Flughfn.) (5674)
2007,5670,duesseldorf,51.1764203125929,6.701531913083682,A57: Neuss West (S) (5670)
2007,5061,duesseldorf,51.13004412847727,6.791355087689313,A57: AK Neuss-Süd (S) (5061)
2007,5601,duesseldorf,51.1645363683979,6.741988806524878,A57: AK Neuss-Süd (N) (5601)
2007,5014,duesseldorf,51.17425651198109,6.715488991346401,A57: AD Neuss (S) (5014)
2007,5030,duesseldorf,51.18261464998393,6.711040279265354,A57: AD Neuss (N) (5030)
2007,5027,duesseldorf,51.338787582114385,6.847510723187301,A52: Lintorf (5027)
2007,5040,duesseldorf,51.17116386109854,6.775255978447398,A46: Düsseldorf-Flehe (5040)
2007,5686,duesseldorf,51.16059092755499,6.762720554106132,A46: AK Neuss Süd (O) (5686)
2007,3629,berlin,52.64129589003296,13.566839338784597,A11: Birkholz (3629)
2007,3606,berlin,52.70572060534077,13.163850326690277,A10: Oranienburg (3606)
2007,3667,berlin,52.616320397861806,13.524676647232791,A10: Lindenberg (3667)
2007,3602,berlin,52.42549076836553,13.786982344079506,A10: Erkner (3602)
2007,5049,cologne,50.89416396911358,6.9842636989027405,A4: Rheinbr. Rodenkirchen (5049)
2007,5053,cologne,50.92067225266824,6.860180801167724,A4: Köln-Klettenberg (5053)
2007,5021,cologne,50.919312048334625,7.041939707800889,A4: AD Heumar (W) (5021)
2007,5004,cologne,51.003959315578506,7.014187885327033,A3: Leverkusen (5004)
2007,5655,duesseldorf,51.21862096800785,6.922333662058056,A3: AK Hilden (N) (5655)
2007,5065,duesseldorf,51.34676201175752,6.8630773391520545,A3: AK Breitscheid (S) (5065)
2007,5673,cologne,50.91849352152484,7.091344993406769,A3: AD Heumar (S) (5673)
2007,5672,cologne,50.934612031293234,7.049025519132989,A3: AD Heumar (N) (5672)
2007,5048,cologne,51.0082418910589,6.911664138150934,A1: Köln-Nord (5048)
2007,5032,cologne,50.95672165093015,6.8504935061826435,A1: Köln-Lövenich (5032)
2007,5010,cologne,50.83880562098313,6.797652427231819,A1: Hürth (5010)
2006,5262,duesseldorf,51.12716627228275,6.696760867608083,B477: Gohr (5262)
2006,3625,berlin,52.58338687919949,13.588694289914972,B158: Ahrensfelde (3625)
2006,2066,berlin,52.395427716232504,13.345530690131401,B101: Marienfelde (2066)
2006,3718,berlin,52.39072738241497,13.340259451882503,B101n: Heinersdorf (3718)
2006,3717,berlin,52.36522873449697,13.439652082235648,B96a: Mahlow 2 (3717)
2006,2063,berlin,52.62960528709711,13.382901629269869,B96a: Blankenfelde (2063)
2006,5031,duesseldorf,51.23320143507827,6.71503375374037,B7: Düsseldorf-Heerdt (5031)
2006,2062,berlin,52.52895136215339,13.120266291783565,B5: Staaken (2062)
2006,2065,berlin,52.595299601652314,13.500949347107309,B2: Malchow (2065)
2006,3702,berlin,52.71434705186373,13.61944694255334,B2: Biesenthal (3702)
2006,3632,berlin,52.495951578811024,13.76420368944353,B1: Vogelsdorf (3632)
2006,2061,berlin,52.41879713042222,13.183308126973346,B1: Nikolassee (2061)
2006,2064,berlin,52.50353751962765,13.62684779846323,B1: Mahlsdorf (2064)
2006,5036,cologne,50.83850576378066,6.966394680178198,A555: Godorf (5036)
2006,2002,berlin,52.493210348835824,13.265711145719067,A115: Eichkamp (2002)
2006,3615,berlin,52.40199742820371,13.186952482194085,A115: Drewitz (3615)
2006,2011,berlin,52.61889596335338,13.437974306648687,A114: Buchholz (2011)
2006,3631,berlin,52.351146017271084,13.552977288774507,A113: Kiekebusch (3631)
2006,3614,berlin,52.64610061828601,13.242897101288106,A111: Stolpe (3614)
2006,2008,berlin,52.5503873279637,13.302596334673574,A111: Reinickendorf (S) (2008)
2006,2010,berlin,52.62342349256294,13.247574129136003,A111: Heiligensee 2 (2010)
2006,2004,berlin,52.46667544721584,13.336942170140311,A103: Friedenau (O) (2004)
2006,2005,berlin,52.52011864923135,13.282391897776852,A100: Westend (O) (2005)
2006,2009,berlin,52.46107723043857,13.410346789787921,A100: Tempelhof (2009)
2006,2003,berlin,52.497267328418076,13.282879662163513,A100: Halensee (2003)
2006,2006,berlin,52.47784497502958,13.33020353058808,A100: Friedenau (N) (2006)
2006,5674,cologne,50.91431077337878,7.065083058382973,A59: AK Heumar (Flughfn.) (5674)
2006,5670,duesseldorf,51.1764203125929,6.701531913083682,A57: Neuss West (S) (5670)
2006,5061,duesseldorf,51.13004412847727,6.791355087689313,A57: AK Neuss-Süd (S) (5061)
2006,5601,duesseldorf,51.1645363683979,6.741988806524878,A57: AK Neuss-Süd (N) (5601)
2006,5014,duesseldorf,51.17425651198109,6.715488991346401,A57: AD Neuss (S) (5014)
2006,5030,duesseldorf,51.187040109220426,6.713826318899828,A57: AD Neuss (N) (5030)
2006,5027,duesseldorf,51.338787582114385,6.847510723187301,A52: Lintorf (5027)
2006,5040,duesseldorf,51.17116386109854,6.775255978447398,A46: Düsseldorf-Flehe (5040)
2006,5686,duesseldorf,51.16058194216483,6.762720988944112,A46: AK Neuss Süd (O) (5686)
2006,3629,berlin,52.64129589003296,13.566839338784597,A11: Birkholz (3629)
2006,3606,berlin,52.70572060534077,13.163850326690277,A10: Oranienburg (3606)
2006,3667,berlin,52.616320397861806,13.524676647232791,A10: Lindenberg (3667)
2006,3602,berlin,52.42549076836553,13.786982344079506,A10: Erkner (3602)
2006,5049,cologne,50.89442999433828,6.984565067043894,A4: Rheinbr. Rodenkirchen (5049)
2006,5053,cologne,50.92067225266824,6.860180801167724,A4: Köln-Klettenberg (5053)
2006,5021,cologne,50.919312048334625,7.041939707800889,A4: AD Heumar (W) (5021)
2006,5004,cologne,51.003959315578506,7.014187885327033,A3: Leverkusen (5004)
2006,5655,duesseldorf,51.21862096800785,6.922333662058056,A3: AK Hilden (N) (5655)
2006,5065,duesseldorf,51.34676201175752,6.8630773391520545,A3: AK Breitscheid (S) (5065)
2006,5673,cologne,50.91849352152484,7.091344993406769,A3: AD Heumar (S) (5673)
2006,5672,cologne,50.934612031293234,7.049025519132989,A3: AD Heumar (N) (5672)
2006,5048,cologne,51.0082418910589,6.911664138150934,A1: Köln-Nord (5048)
2006,5032,cologne,50.95672165093015,6.8504935061826435,A1: Köln-Lövenich (5032)
2006,5010,cologne,50.83880562098313,6.797652427231819,A1: Hürth (5010)
2005,5262,duesseldorf,51.12716627228275,6.696760867608083,B477: Gohr (5262)
2005,3625,berlin,52.58338687919949,13.588694289914972,B158: Ahrensfelde (3625)
2005,2066,berlin,52.395427716232504,13.345530690131401,B101: Marienfelde (2066)
2005,2063,berlin,52.62960528709711,13.382901629269869,B96a: Blankenfelde (2063)
2005,5031,duesseldorf,51.23320143507827,6.71503375374037,B7: Düsseldorf-Heerdt (5031)
2005,2062,berlin,52.52895136215339,13.120266291783565,B5: Staaken (2062)
2005,2065,berlin,52.595299601652314,13.500949347107309,B2: Malchow (2065)
2005,3702,berlin,52.71434705186373,13.61944694255334,B2: Biesenthal (3702)
2005,3632,berlin,52.495951578811024,13.76420368944353,B1: Vogelsdorf (3632)
2005,2061,berlin,52.41879713042222,13.183308126973346,B1: Nikolassee (2061)
2005,2064,berlin,52.50353751962765,13.62684779846323,B1: Mahlsdorf (2064)
2005,5036,cologne,50.83850576378066,6.966394680178198,A555: Godorf (5036)
2005,2002,berlin,52.493210348835824,13.265711145719067,A115: Eichkamp (2002)
2005,3615,berlin,52.40199742820371,13.186952482194085,A115: Drewitz (3615)
2005,2011,berlin,52.61889596335338,13.437974306648687,A114: Buchholz (2011)
2005,3631,berlin,52.351146017271084,13.552977288774507,A113: Kiekebusch (3631)
2005,3614,berlin,52.64610061828601,13.242897101288106,A111: Stolpe (3614)
2005,2008,berlin,52.5503873279637,13.302596334673574,A111: Reinickendorf (S) (2008)
2005,2010,berlin,52.62342349256294,13.247574129136003,A111: Heiligensee 2 (2010)
2005,2004,berlin,52.46667544721584,13.336942170140311,A103: Friedenau (O) (2004)
2005,2005,berlin,52.52011864923135,13.282391897776852,A100: Westend (O) (2005)
2005,2009,berlin,52.46107723043857,13.410346789787921,A100: Tempelhof (2009)
2005,2003,berlin,52.497267328418076,13.282879662163513,A100: Halensee (2003)
2005,2006,berlin,52.47784497502958,13.33020353058808,A100: Friedenau (N) (2006)
2005,5674,cologne,50.91431077337878,7.065083058382973,A59: AK Heumar (Flughfn.) (5674)
2005,5670,duesseldorf,51.1764203125929,6.701531913083682,A57: Neuss West (S) (5670)
2005,5061,duesseldorf,51.13004412847727,6.791355087689313,A57: AK Neuss-Süd (S) (5061)
2005,5601,duesseldorf,51.1645363683979,6.741988806524878,A57: AK Neuss-Süd (N) (5601)
2005,5014,duesseldorf,51.17425651198109,6.715488991346401,A57: AD Neuss (S) (5014)
2005,5030,duesseldorf,51.187040109220426,6.713826318899828,A57: AD Neuss (N) (5030)
2005,5027,duesseldorf,51.338787582114385,6.847510723187301,A52: Lintorf (5027)
2005,5040,duesseldorf,51.17116386109854,6.775255978447398,A46: Düsseldorf-Flehe (5040)
2005,5686,duesseldorf,51.16058194216483,6.762720988944112,A46: AK Neuss Süd (O) (5686)
2005,3629,berlin,52.64129589003296,13.566839338784597,A11: Birkholz (3629)
2005,3606,berlin,52.70572060534077,13.163850326690277,A10: Oranienburg (3606)
2005,3667,berlin,52.616320397861806,13.524676647232791,A10: Lindenberg (3667)
2005,3602,berlin,52.42549076836553,13.786982344079506,A10: Erkner (3602)
2005,5049,cologne,50.89442999433828,6.984565067043894,A4: Rheinbr. Rodenkirchen (5049)
2005,5053,cologne,50.92067225266824,6.860180801167724,A4: Köln-Klettenberg (5053)
2005,5021,cologne,50.919312048334625,7.041939707800889,A4: AD Heumar (W) (5021)
2005,5004,cologne,51.003959315578506,7.014187885327033,A3: Leverkusen (5004)
2005,5655,duesseldorf,51.21862096800785,6.922333662058056,A3: AK Hilden (N) (5655)
2005,5673,cologne,50.91849352152484,7.091344993406769,A3: AD Heumar (S) (5673)
2005,5672,cologne,50.934612031293234,7.049025519132989,A3: AD Heumar (N) (5672)
2005,5048,cologne,51.0082418910589,6.911664138150934,A1: Köln-Nord (5048)
2005,5032,cologne,50.95672165093015,6.8504935061826435,A1: Köln-Lövenich (5032)
2005,5010,cologne,50.83880562098313,6.797652427231819,A1: Hürth (5010)
2004,5262,duesseldorf,51.12716627228275,6.696760867608083,B477: Gohr (5262)
2004,3625,berlin,52.58338687919949,13.588694289914972,B158: Ahrensfelde (3625)
2004,2066,berlin,52.395427716232504,13.345530690131401,B101: Marienfelde (2066)
2004,3648,berlin,52.36387528167402,13.43688535700316,B96a: Mahlow (3648)
2004,2063,berlin,52.62960528709711,13.382901629269869,B96a: Blankenfelde (2063)
2004,5031,duesseldorf,51.23320143507827,6.71503375374037,B7: Düsseldorf-Heerdt (5031)
2004,2062,berlin,52.52895136215339,13.120266291783565,B5: Staaken (2062)
2004,2065,berlin,52.595299601652314,13.500949347107309,B2: Malchow (2065)
2004,3702,berlin,52.71434705186373,13.61944694255334,B2: Biesenthal (3702)
2004,3632,berlin,52.495951578811024,13.76420368944353,B1: Vogelsdorf (3632)
2004,2061,berlin,52.41879713042222,13.183308126973346,B1: Nikolassee (2061)
2004,2064,berlin,52.50353751962765,13.62684779846323,B1: Mahlsdorf (2064)
2004,5036,cologne,50.83850576378066,6.966394680178198,A555: Godorf (5036)
2004,2002,berlin,52.493210348835824,13.265711145719067,A115: Eichkamp (2002)
2004,3615,berlin,52.40199742820371,13.186952482194085,A115: Drewitz (3615)
2004,2011,berlin,52.61889596335338,13.437974306648687,A114: Buchholz (2011)
2004,3631,berlin,52.351146017271084,13.552977288774507,A113: Kiekebusch (3631)
2004,3614,berlin,52.64610061828601,13.242897101288106,A111: Stolpe (3614)
2004,2008,berlin,52.5503873279637,13.302596334673574,A111: Reinickendorf (S) (2008)
2004,2010,berlin,52.62342349256294,13.247574129136003,A111: Heiligensee 2 (2010)
2004,2007,berlin,52.46952672509789,13.30672799733101,A104: Schmargendorf (2007)
2004,2004,berlin,52.46667544721584,13.336942170140311,A103: Friedenau (O) (2004)
2004,2005,berlin,52.52011864923135,13.282391897776852,A100: Westend (O) (2005)
2004,2009,berlin,52.46107723043857,13.410346789787921,A100: Tempelhof (2009)
2004,2003,berlin,52.497267328418076,13.282879662163513,A100: Halensee (2003)
2004,2006,berlin,52.47784497502958,13.33020353058808,A100: Friedenau (N) (2006)
2004,5674,cologne,50.91431077337878,7.065083058382973,A59: AK Heumar (Flughfn.) (5674)
2004,5670,duesseldorf,51.1764203125929,6.701531913083682,A57: Neuss West (S) (5670)
2004,5061,duesseldorf,51.13004412847727,6.791355087689313,A57: AK Neuss-Süd (S) (5061)
2004,5601,duesseldorf,51.1645363683979,6.741988806524878,A57: AK Neuss-Süd (N) (5601)
2004,5014,duesseldorf,51.17425651198109,6.715488991346401,A57: AD Neuss (S) (5014)
2004,5030,duesseldorf,51.187040109220426,6.713826318899828,A57: AD Neuss (N) (5030)
2004,5027,duesseldorf,51.338787582114385,6.847510723187301,A52: Lintorf (5027)
2004,5040,duesseldorf,51.17116386109854,6.775255978447398,A46: Düsseldorf-Flehe (5040)
2004,5686,duesseldorf,51.16058194216483,6.762720988944112,A46: AK Neuss Süd (O) (5686)
2004,3629,berlin,52.64129589003296,13.566839338784597,A11: Birkholz (3629)
2004,3606,berlin,52.70572060534077,13.163850326690277,A10: Oranienburg (3606)
2004,3667,berlin,52.616320397861806,13.524676647232791,A10: Lindenberg (3667)
2004,3602,berlin,52.42549076836553,13.786982344079506,A10: Erkner (3602)
2004,5049,cologne,50.89442999433828,6.984565067043894,A4: Rheinbr. Rodenkirchen (5049)
2004,5053,cologne,50.92067225266824,6.860180801167724,A4: Köln-Klettenberg (5053)
2004,5021,cologne,50.919312048334625,7.041939707800889,A4: AD Heumar (W) (5021)
2004,5004,cologne,51.003959315578506,7.014187885327033,A3: Leverkusen (5004)
2004,5655,duesseldorf,51.21862096800785,6.922333662058056,A3: AK Hilden (N) (5655)
2004,5673,cologne,50.91849352152484,7.091344993406769,A3: AD Heumar (S) (5673)
2004,5672,cologne,50.934612031293234,7.049025519132989,A3: AD Heumar (N) (5672)
2004,5048,cologne,51.0082418910589,6.911664138150934,A1: Köln-Nord (5048)
2004,5032,cologne,50.95672165093015,6.8504935061826435,A1: Köln-Lövenich (5032)
2004,5010,cologne,50.83880562098313,6.797652427231819,A1: Hürth (5010)
2003,5262,duesseldorf,51.12716627228275,6.696760867608083,B477: Gohr (5262)
2003,3625,berlin,52.58338687919949,13.588694289914972,B158: Ahrensfelde (3625)
2003,2066,berlin,52.395427716232504,13.345530690131401,B101: Marienfelde (2066)
2003,3648,berlin,52.36387528167402,13.43688535700316,B96a: Mahlow (3648)
2003,2063,berlin,52.62960528709711,13.382901629269869,B96a: Blankenfelde (2063)
2003,5031,duesseldorf,51.23320143507827,6.71503375374037,B7: Düsseldorf-Heerdt (5031)
2003,2062,berlin,52.52895136215339,13.120266291783565,B5: Staaken (2062)
2003,2065,berlin,52.595299601652314,13.500949347107309,B2: Malchow (2065)
2003,3702,berlin,52.71434705186373,13.61944694255334,B2: Biesenthal (3702)
2003,3632,berlin,52.495951578811024,13.76420368944353,B1: Vogelsdorf (3632)
2003,2061,berlin,52.41879713042222,13.183308126973346,B1: Nikolassee (2061)
2003,2064,berlin,52.50353751962765,13.62684779846323,B1: Mahlsdorf (2064)
2003,5036,cologne,50.83850576378066,6.966394680178198,A555: Godorf (5036)
2003,2002,berlin,52.493210348835824,13.265711145719067,A115: Eichkamp (2002)
2003,3615,berlin,52.40199742820371,13.186952482194085,A115: Drewitz (3615)
2003,2011,berlin,52.61889596335338,13.437974306648687,A114: Buchholz (2011)
2003,3631,berlin,52.351146017271084,13.552977288774507,A113: Kiekebusch (3631)
2003,3614,berlin,52.64610061828601,13.242897101288106,A111: Stolpe (3614)
2003,2008,berlin,52.5503873279637,13.302596334673574,A111: Reinickendorf (S) (2008)
2003,2010,berlin,52.62342349256294,13.247574129136003,A111: Heiligensee 2 (2010)
2003,2007,berlin,52.46952672509789,13.30672799733101,A104: Schmargendorf (2007)
2003,2004,berlin,52.46667544721584,13.336942170140311,A103: Friedenau (O) (2004)
2003,2005,berlin,52.52011864923135,13.282391897776852,A100: Westend (O) (2005)
2003,2009,berlin,52.46107723043857,13.410346789787921,A100: Tempelhof (2009)
2003,2003,berlin,52.497267328418076,13.282879662163513,A100: Halensee (2003)
2003,2006,berlin,52.47784497502958,13.33020353058808,A100: Friedenau (N) (2006)
2003,5674,cologne,50.91431077337878,7.065083058382973,A59: AK Heumar (Flughfn.) (5674)
2003,5670,duesseldorf,51.1764203125929,6.701531913083682,A57: Neuss West (S) (5670)
2003,5061,duesseldorf,51.13004412847727,6.791355087689313,A57: AK Neuss-Süd (S) (5061)
2003,5601,duesseldorf,51.1645363683979,6.741988806524878,A57: AK Neuss-Süd (N) (5601)
2003,5014,duesseldorf,51.17425651198109,6.715488991346401,A57: AD Neuss (S) (5014)
2003,5030,duesseldorf,51.187040109220426,6.713826318899828,A57: AD Neuss (N) (5030)
2003,5027,duesseldorf,51.338787582114385,6.847510723187301,A52: Lintorf (5027)
2003,5040,duesseldorf,51.17116386109854,6.775255978447398,A46: Düsseldorf-Flehe (5040)
2003,5686,duesseldorf,51.16058194216483,6.762720988944112,A46: AK Neuss Süd (O) (5686)
2003,3629,berlin,52.64129589003296,13.566839338784597,A11: Birkholz (3629)
2003,3606,berlin,52.70572060534077,13.163850326690277,A10: Oranienburg (3606)
2003,3667,berlin,52.616320397861806,13.524676647232791,A10: Lindenberg (3667)
2003,3602,berlin,52.42549076836553,13.786982344079506,A10: Erkner (3602)
2003,5049,cologne,50.89442999433828,6.984565067043894,A4: Rheinbr. Rodenkirchen (5049)
2003,5053,cologne,50.92067225266824,6.860180801167724,A4: Köln-Klettenberg (5053)
2003,5021,cologne,50.919312048334625,7.041939707800889,A4: AD Heumar (W) (5021)
2003,5004,cologne,51.003959315578506,7.014187885327033,A3: Leverkusen (5004)
2003,5655,duesseldorf,51.21862096800785,6.922333662058056,A3: AK Hilden (N) (5655)
2003,5673,cologne,50.91849352152484,7.091344993406769,A3: AD Heumar (S) (5673)
2003,5672,cologne,50.934612031293234,7.049025519132989,A3: AD Heumar (N) (5672)
2003,5048,cologne,51.0082418910589,6.911664138150934,A1: Köln-Nord (5048)
2003,5032,cologne,50.95672165093015,6.8504935061826435,A1: Köln-Lövenich (5032)
2003,5010,cologne,50.83880562098313,6.797652427231819,A1: Hürth (5010)
